TIME,TIMESTAMP,SiteOutput,CorrConcA_Avg,CorrConcB_Avg,Corrdel13C_Avg,licor
09:44:20,29/10/2014 9:44,3,947.0808,10.14692,-41.66557,f4
09:44:40,29/10/2014 9:44,4,302.7678,3.341585,-12.78279,f4
09:45:00,29/10/2014 9:45,19,428.7573,4.626514,-34.81114,f4
09:45:20,29/10/2014 9:45,20,678.8745,7.321323,-35.34881,f4
09:46:20,29/10/2014 9:46,3,775.0328,8.353314,-35.92981,f4
09:46:40,29/10/2014 9:46,4,323.1688,3.483286,-35.8832,f4
09:47:00,29/10/2014 9:47,19,427.7106,4.61519,-34.81755,f4
09:47:20,29/10/2014 9:47,20,695.914,7.501781,-35.77381,f4
09:48:20,29/10/2014 9:48,3,775.2421,8.353177,-36.20594,f4
09:48:40,29/10/2014 9:48,4,323.4779,3.486685,-35.8646,f4
09:49:00,29/10/2014 9:49,19,427.6758,4.615544,-34.66468,f4
09:49:20,29/10/2014 9:49,20,428.4829,4.624261,-34.66338,f4
09:50:20,29/10/2014 9:50,3,774.3482,8.343614,-36.19798,f4
09:50:40,29/10/2014 9:50,4,322.8066,3.479411,-35.87531,f4
09:51:00,29/10/2014 9:51,19,427.6425,4.615432,-34.61308,f4
09:51:20,29/10/2014 9:51,20,427.9396,4.618175,-34.71003,f4
09:52:20,29/10/2014 9:52,3,773.8453,8.337338,-36.29704,f4
09:52:40,29/10/2014 9:52,4,322.7571,3.4785,-35.97971,f4
09:53:00,29/10/2014 9:53,19,427.5623,3.780769,-209.071,f4
09:53:20,29/10/2014 9:53,20,427.9732,4.626319,-33.0831,f4
09:54:20,29/10/2014 9:54,3,774.0455,8.359206,-34.01927,f4
09:54:40,29/10/2014 9:54,4,322.636,3.507056,-27.69918,f4
09:55:00,29/10/2014 9:55,19,427.7571,4.702081,-16.7527,f4
09:55:20,29/10/2014 9:55,20,428.1528,4.706246,-16.79131,f4
09:56:20,29/10/2014 9:56,3,774.007,8.272964,-43.93797,f4
09:56:40,29/10/2014 9:56,4,322.9559,3.424094,-51.64174,f4
09:57:00,29/10/2014 9:57,19,427.6748,4.760575,-4.329556,f4
09:57:20,29/10/2014 9:57,20,427.9214,4.763239,-4.34653,f4
09:58:20,29/10/2014 9:58,3,773.1038,8.332186,-35.9688,f4
09:58:40,29/10/2014 9:58,4,321.8271,3.469151,-35.79245,f4
09:59:00,29/10/2014 9:59,19,427.6186,4.758959,-4.536689,f4
09:59:20,29/10/2014 9:59,20,427.9252,4.762486,-4.512736,f4
10:00:20,29/10/2014 10:00,3,772.9388,8.328477,-36.19231,f4
10:00:40,29/10/2014 10:00,4,322.3204,3.474553,-35.76907,f4
10:01:00,29/10/2014 10:01,19,427.6328,4.759372,-4.483429,f4
10:01:20,29/10/2014 10:01,20,427.9933,4.763384,-4.483249,f4
10:02:20,29/10/2014 10:02,3,773.3655,8.33269,-36.23688,f4
10:02:40,29/10/2014 10:02,4,322.4503,3.475811,-35.80875,f4
10:03:00,29/10/2014 10:03,19,427.604,4.759103,-4.472621,f4
10:03:20,29/10/2014 10:03,20,452.5634,5.02595,-6.613094,f4
10:04:20,29/10/2014 10:04,3,773.5135,8.334565,-36.2044,f4
10:04:40,29/10/2014 10:04,4,322.5768,3.477538,-35.70769,f4
10:05:00,29/10/2014 10:05,19,422.7474,4.705023,-4.478419,f4
10:05:20,29/10/2014 10:05,20,409.1474,4.554583,-4.276559,f4
10:06:20,29/10/2014 10:06,3,773.4959,8.33448,-36.1924,f4
10:06:40,29/10/2014 10:06,4,322.5538,3.476372,-35.96248,f4
10:07:00,29/10/2014 10:07,19,67.19381,0.7253519,-34.41763,f4
10:07:20,29/10/2014 10:07,20,321.4173,3.529096,-17.99371,f4
10:08:20,29/10/2014 10:08,3,773.4041,8.333609,-36.17864,f4
10:08:40,29/10/2014 10:08,4,322.54,3.476837,-35.79207,f4
10:09:00,29/10/2014 10:09,19,66.30585,0.7150402,-35.39721,f4
10:09:20,29/10/2014 10:09,20,137.831,1.505183,-23.43845,f4
10:10:20,29/10/2014 10:10,3,773.6599,8.333983,-36.45386,f4
10:10:40,29/10/2014 10:10,4,322.8695,3.478158,-36.41016,f4
10:11:00,29/10/2014 10:11,19,66.01283,0.7119495,-35.30311,f4
10:11:20,29/10/2014 10:11,20,746.8014,8.186548,-19.45934,f4
10:12:20,29/10/2014 10:12,3,773.8734,8.336987,-36.37254,f4
10:12:40,29/10/2014 10:12,4,322.6788,3.47745,-36.03684,f4
10:13:00,29/10/2014 10:13,19,427.287,4.755124,-4.566975,f4
10:13:20,29/10/2014 10:13,20,768.3188,8.41987,-19.75362,f4
10:14:20,29/10/2014 10:14,3,773.2576,8.330939,-36.30473,f4
10:14:40,29/10/2014 10:14,4,322.4552,3.474992,-36.05021,f4
10:15:00,29/10/2014 10:15,19,427.7507,4.760689,-4.482329,f4
10:15:20,29/10/2014 10:15,20,779.0901,8.536853,-19.87848,f4
10:16:20,29/10/2014 10:16,3,773.4715,8.332582,-36.38131,f4
10:16:40,29/10/2014 10:16,4,322.5731,3.476332,-36.03122,f4
10:17:00,29/10/2014 10:17,19,427.7917,4.761245,-4.461606,f4
10:17:20,29/10/2014 10:17,20,762.437,8.356977,-19.57337,f4
10:18:20,29/10/2014 10:18,3,773.4585,8.333066,-36.30924,f4
10:18:40,29/10/2014 10:18,4,322.5886,3.47689,-35.92266,f4
10:19:00,29/10/2014 10:19,19,423.0876,4.708584,-4.525903,f4
10:19:20,29/10/2014 10:19,20,786.6273,8.618477,-19.98765,f4
10:20:20,29/10/2014 10:20,3,773.5123,8.333758,-36.29619,f4
10:20:40,29/10/2014 10:20,4,322.575,3.476343,-36.03374,f4
10:21:00,29/10/2014 10:21,19,67.8578,0.7326857,-34.19854,f4
10:21:20,29/10/2014 10:21,20,774.8759,8.492207,-19.70148,f4
10:22:20,29/10/2014 10:22,3,773.5332,8.333549,-36.34634,f4
10:22:40,29/10/2014 10:22,4,322.6647,3.477678,-35.93172,f4
10:23:00,29/10/2014 10:23,19,65.72706,0.7085941,-35.67538,f4
10:23:20,29/10/2014 10:23,20,783.882,8.59027,-19.77423,f4
10:24:20,29/10/2014 10:24,3,773.4109,8.332644,-36.29866,f4
10:24:40,29/10/2014 10:24,4,322.5552,3.476579,-35.9091,f4
10:25:00,29/10/2014 10:25,19,65.61186,0.7069325,-36.24738,f4
10:25:20,29/10/2014 10:25,20,764.3191,8.379825,-19.31345,f4
10:26:20,29/10/2014 10:26,3,773.3688,8.333772,-36.11576,f4
10:26:40,29/10/2014 10:26,4,322.5423,3.47665,-35.85102,f4
10:27:00,29/10/2014 10:27,19,65.59702,0.7070828,-35.82445,f4
10:27:20,29/10/2014 10:27,20,770.3908,8.444886,-19.48857,f4
10:28:20,29/10/2014 10:28,3,773.4718,8.332908,-36.34404,f4
10:28:40,29/10/2014 10:28,4,322.6259,3.477382,-35.89782,f4
10:29:00,29/10/2014 10:29,19,65.54675,0.705992,-36.57341,f4
10:29:20,29/10/2014 10:29,20,777.4323,8.521765,-19.52423,f4
10:30:20,29/10/2014 10:30,3,773.6089,8.33584,-36.17574,f4
10:30:40,29/10/2014 10:30,4,322.7819,3.479337,-35.82213,f4
10:31:00,29/10/2014 10:31,19,65.42299,0.7045517,-36.72018,f4
10:31:20,29/10/2014 10:31,20,759.762,8.331133,-19.16367,f4
10:32:20,29/10/2014 10:32,3,773.0467,8.329888,-36.16358,f4
10:32:40,29/10/2014 10:32,4,322.336,3.474252,-35.89947,f4
10:33:00,29/10/2014 10:33,19,66.71602,0.719372,-35.51961,f4
10:33:20,29/10/2014 10:33,20,767.1646,8.41127,-19.28469,f4
10:34:20,29/10/2014 10:34,3,773.2467,8.332018,-36.16651,f4
10:34:40,29/10/2014 10:34,4,322.4903,3.475907,-35.90138,f4
10:35:00,29/10/2014 10:35,19,66.73003,0.7197564,-35.20686,f4
10:35:20,29/10/2014 10:35,20,748.7949,8.212727,-18.94239,f4
10:36:20,29/10/2014 10:36,3,773.3854,8.332631,-36.26842,f4
10:36:40,29/10/2014 10:36,4,322.5376,3.476391,-35.90882,f4
10:37:00,29/10/2014 10:37,19,441.304,4.912067,-4.374886,f4
10:37:20,29/10/2014 10:37,20,752.3986,8.253007,-18.85278,f4
10:38:20,29/10/2014 10:38,3,773.4075,8.334091,-36.12712,f4
10:38:40,29/10/2014 10:38,4,322.5911,3.47684,-35.94379,f4
10:39:00,29/10/2014 10:39,19,426.3023,4.744623,-4.47101,f4
10:39:20,29/10/2014 10:39,20,404.9141,4.508459,-4.055459,f4
10:40:20,29/10/2014 10:40,3,773.3569,8.331966,-36.30991,f4
10:40:40,29/10/2014 10:40,4,322.6197,3.476917,-36.00819,f4
10:41:00,29/10/2014 10:41,19,426.5598,4.747666,-4.433797,f4
10:41:20,29/10/2014 10:41,20,403.205,4.490073,-3.912863,f4
10:42:20,29/10/2014 10:42,3,773.4326,8.333678,-36.20606,f4
10:42:40,29/10/2014 10:42,4,322.5519,3.4765,-35.92122,f4
10:43:00,29/10/2014 10:43,19,426.4622,4.746181,-4.517463,f4
10:43:20,29/10/2014 10:43,20,402.7066,4.484661,-3.882163,f4
10:44:20,29/10/2014 10:44,3,773.4412,8.333484,-36.23939,f4
10:44:40,29/10/2014 10:44,4,322.6017,3.476963,-35.94184,f4
10:45:00,29/10/2014 10:45,19,426.6551,4.748514,-4.47859,f4
10:45:20,29/10/2014 10:45,20,402.7168,4.484687,-3.901466,f4
10:46:20,29/10/2014 10:46,3,773.3992,8.332349,-36.31814,f4
10:46:40,29/10/2014 10:46,4,322.5697,3.476337,-36.01942,f4
10:47:00,29/10/2014 10:47,19,426.6031,4.74812,-4.439631,f4
10:47:20,29/10/2014 10:47,20,402.4932,4.482099,-3.923266,f4
10:48:20,29/10/2014 10:48,3,773.3267,8.331714,-36.30083,f4
10:48:40,29/10/2014 10:48,4,322.5394,3.476499,-35.88379,f4
10:49:00,29/10/2014 10:49,19,426.573,4.747939,-4.407292,f4
10:49:20,29/10/2014 10:49,20,402.2645,4.480492,-3.714213,f4
10:50:20,29/10/2014 10:50,3,773.3173,8.33347,-36.08633,f4
10:50:40,29/10/2014 10:50,4,322.5683,3.477261,-35.75921,f4
10:51:00,29/10/2014 10:51,19,426.5584,4.748099,-4.339741,f4
10:51:20,29/10/2014 10:51,20,402.0621,4.477731,-3.826857,f4
10:52:20,29/10/2014 10:52,3,773.3427,8.33193,-36.29617,f4
10:52:40,29/10/2014 10:52,4,322.572,3.476665,-35.9355,f4
10:53:00,29/10/2014 10:53,19,445.2493,4.956528,-4.269296,f4
10:53:20,29/10/2014 10:53,20,512.5265,5.7097,-3.524413,f4
10:54:20,29/10/2014 10:54,3,773.3467,8.333341,-36.13807,f4
10:54:40,29/10/2014 10:54,4,322.5886,3.47677,-35.95608,f4
10:55:00,29/10/2014 10:55,19,585.8544,6.520174,-4.504418,f4
10:55:20,29/10/2014 10:55,20,551.4691,6.142783,-3.645572,f4
10:56:20,29/10/2014 10:56,3,773.431,8.333042,-36.27778,f4
10:56:40,29/10/2014 10:56,4,322.6202,3.477126,-35.95172,f4
10:57:00,29/10/2014 10:57,19,585.9129,6.521106,-4.461329,f4
10:57:20,29/10/2014 10:57,20,551.4675,6.143339,-3.55234,f4
10:58:20,29/10/2014 10:58,3,773.4604,8.333858,-36.2199,f4
10:58:40,29/10/2014 10:58,4,322.609,3.476937,-35.97075,f4
10:59:00,29/10/2014 10:59,19,586.4941,6.527516,-4.470208,f4
10:59:20,29/10/2014 10:59,20,551.7003,6.145275,-3.658858,f4
11:00:20,29/10/2014 11:00,3,773.3075,8.332479,-36.18897,f4
11:00:40,29/10/2014 11:00,4,322.5912,3.476678,-35.98927,f4
11:01:00,29/10/2014 11:01,19,586.3079,6.525628,-4.442297,f4
11:01:20,29/10/2014 11:01,20,551.4833,6.143522,-3.551503,f4
11:02:20,29/10/2014 11:02,3,773.5328,8.334464,-36.24012,f4
11:02:40,29/10/2014 11:02,4,322.6168,3.477906,-35.72548,f4
11:03:00,29/10/2014 11:03,19,585.7791,6.520384,-4.343994,f4
11:03:20,29/10/2014 11:03,20,550.9055,6.137129,-3.543977,f4
11:04:20,29/10/2014 11:04,3,773.3485,8.333075,-36.17125,f4
11:04:40,29/10/2014 11:04,4,322.5719,3.477126,-35.80732,f4
11:05:00,29/10/2014 11:05,19,585.7193,6.519506,-4.376607,f4
11:05:20,29/10/2014 11:05,20,550.8073,6.136312,-3.498937,f4
11:06:20,29/10/2014 11:06,3,773.2522,8.332782,-36.08498,f4
11:06:40,29/10/2014 11:06,4,322.556,3.477052,-35.78048,f4
11:07:00,29/10/2014 11:07,19,585.6485,6.51846,-4.415941,f4
11:07:20,29/10/2014 11:07,20,550.7342,6.134918,-3.593365,f4
11:08:20,29/10/2014 11:08,3,773.0925,8.331553,-36.02794,f4
11:08:40,29/10/2014 11:08,4,322.463,3.476631,-35.61908,f4
11:09:00,29/10/2014 11:09,19,49.39101,0.5242853,-50.90218,f4
11:09:20,29/10/2014 11:09,20,65.94279,0.7109419,-36.04699,f4
11:10:20,29/10/2014 11:10,3,773.3313,8.33305,-36.15258,f4
11:10:40,29/10/2014 11:10,4,322.5312,3.476272,-35.92243,f4
11:11:00,29/10/2014 11:11,19,47.55743,0.5039582,-52.13641,f4
11:11:20,29/10/2014 11:11,20,50.18877,0.5331444,-49.81473,f4
11:12:20,29/10/2014 11:12,3,773.3724,8.334136,-36.07826,f4
11:12:40,29/10/2014 11:12,4,322.7102,3.478981,-35.7065,f4
11:13:00,29/10/2014 11:13,19,156.8084,1.730183,-13.05586,f4
11:13:20,29/10/2014 11:13,20,151.2906,1.66931,-13.05033,f4
11:14:20,29/10/2014 11:14,3,773.1353,8.332235,-36.00249,f4
11:14:40,29/10/2014 11:14,4,322.4437,3.475516,-35.87037,f4
11:15:00,29/10/2014 11:15,19,241.64,2.681085,-7.543407,f4
11:15:20,29/10/2014 11:15,20,229.6672,2.549293,-7.133987,f4
11:16:20,29/10/2014 11:16,3,773.3473,8.332566,-36.22834,f4
11:16:40,29/10/2014 11:16,4,322.5353,3.476766,-35.79784,f4
11:17:00,29/10/2014 11:17,19,316.4381,3.517653,-5.661742,f4
11:17:20,29/10/2014 11:17,20,298.8817,3.323771,-5.278253,f4
11:18:20,29/10/2014 11:18,3,773.2911,8.332884,-36.12169,f4
11:18:40,29/10/2014 11:18,4,322.55,3.476837,-35.82198,f4
11:19:00,29/10/2014 11:19,19,426.3054,4.744579,-4.487208,f4
11:19:20,29/10/2014 11:19,20,819.6487,8.975521,-20.50589,f4
11:20:20,29/10/2014 11:20,3,773.3418,8.333354,-36.1305,f4
11:20:40,29/10/2014 11:20,4,322.6342,3.476995,-36.02989,f4
11:21:00,29/10/2014 11:21,19,585.2279,6.512999,-4.535147,f4
11:21:20,29/10/2014 11:21,20,829.1096,9.076125,-20.82937,f4
11:22:20,29/10/2014 11:22,3,773.3062,8.332178,-36.22204,f4
11:22:40,29/10/2014 11:22,4,322.5843,3.476805,-35.93343,f4
11:23:00,29/10/2014 11:23,19,1222.891,13.54544,-9.224261,f4
11:23:20,29/10/2014 11:23,20,844.075,9.237774,-21.05906,f4
11:24:20,29/10/2014 11:24,3,773.5201,8.333689,-36.31395,f4
11:24:40,29/10/2014 11:24,4,322.6347,3.477071,-36.01042,f4
11:25:00,29/10/2014 11:25,19,1543.218,17.03432,-12.65829,f4
11:25:20,29/10/2014 11:25,20,847.5533,9.275439,-21.10209,f4
11:26:20,29/10/2014 11:26,3,773.6053,8.334874,-36.28305,f4
11:26:40,29/10/2014 11:26,4,322.6861,3.477527,-36.03733,f4
11:27:00,29/10/2014 11:27,19,1902.551,20.90892,-16.97357,f4
11:27:20,29/10/2014 11:27,20,849.9283,9.302497,-20.98984,f4
11:28:20,29/10/2014 11:28,3,773.3753,8.334331,-36.05929,f4
11:28:40,29/10/2014 11:28,4,322.7295,3.478474,-35.90469,f4
11:29:00,29/10/2014 11:29,19,1877.071,20.63243,-16.80524,f4
11:29:20,29/10/2014 11:29,20,839.6603,9.189834,-21.0197,f4
11:30:20,29/10/2014 11:30,3,773.4805,8.334498,-36.17104,f4
11:30:40,29/10/2014 11:30,4,322.6153,3.477361,-35.87189,f4
11:31:00,29/10/2014 11:31,19,423.7401,4.715863,-4.522208,f4
11:31:20,29/10/2014 11:31,20,838.456,9.177475,-20.93178,f4
11:32:20,29/10/2014 11:32,3,773.0486,8.33019,-36.13107,f4
11:32:40,29/10/2014 11:32,4,322.3973,3.475229,-35.81161,f4
11:33:00,29/10/2014 11:33,19,425.7968,4.738336,-4.609693,f4
11:33:20,29/10/2014 11:33,20,873.817,9.56018,-21.3688,f4
11:34:20,29/10/2014 11:34,3,773.3214,8.332254,-36.23225,f4
11:34:40,29/10/2014 11:34,4,322.5559,3.476452,-35.94667,f4
11:35:00,29/10/2014 11:35,19,421.2432,4.687505,-4.643295,f4
11:35:20,29/10/2014 11:35,20,833.7946,9.12754,-20.81485,f4
11:36:20,29/10/2014 11:36,3,773.4484,8.333429,-36.25468,f4
11:36:40,29/10/2014 11:36,4,322.6497,3.477265,-36.00134,f4
11:37:00,29/10/2014 11:37,19,65.98419,0.7121135,-34.66249,f4
11:37:20,29/10/2014 11:37,20,840.4957,9.199248,-20.99035,f4
11:38:20,29/10/2014 11:38,3,773.5754,8.335021,-36.22883,f4
11:38:40,29/10/2014 11:38,4,322.6705,3.478009,-35.85727,f4
11:39:00,29/10/2014 11:39,19,66.39831,0.7163361,-34.99472,f4
11:39:20,29/10/2014 11:39,20,838.6926,9.180711,-20.86311,f4
11:40:20,29/10/2014 11:40,3,773.3455,8.333691,-36.09622,f4
11:40:40,29/10/2014 11:40,4,322.6117,3.47717,-35.91431,f4
11:41:00,29/10/2014 11:41,19,163.4695,1.806305,-12.12769,f4
11:41:20,29/10/2014 11:41,20,853.786,9.342164,-21.25716,f4
11:42:20,29/10/2014 11:42,3,773.4023,8.333075,-36.23818,f4
11:42:40,29/10/2014 11:42,4,322.6384,3.477443,-35.91798,f4
11:43:00,29/10/2014 11:43,19,425.6456,4.737018,-4.533147,f4
11:43:20,29/10/2014 11:43,20,853.1046,9.333999,-21.33068,f4
11:44:20,29/10/2014 11:44,3,773.5502,8.334588,-36.24744,f4
11:44:40,29/10/2014 11:44,4,322.7616,3.479208,-35.79686,f4
11:45:00,29/10/2014 11:45,19,425.9542,4.740526,-4.517776,f4
11:45:20,29/10/2014 11:45,20,828.8418,9.074307,-20.70907,f4
11:46:20,29/10/2014 11:46,3,773.4042,8.334309,-36.09786,f4
11:46:40,29/10/2014 11:46,4,322.5262,3.476282,-35.90482,f4
11:47:00,29/10/2014 11:47,19,426.2534,4.74339,-4.615622,f4
11:47:20,29/10/2014 11:47,20,403.5803,4.493406,-4.100147,f4
11:48:20,29/10/2014 11:48,3,773.3244,8.33174,-36.29536,f4
11:48:40,29/10/2014 11:48,4,322.524,3.476444,-35.8532,f4
11:49:00,29/10/2014 11:49,19,426.2662,4.743426,-4.63771,f4
11:49:20,29/10/2014 11:49,20,402.3898,4.480327,-4.06113,f4
11:50:20,29/10/2014 11:50,3,773.3869,8.332929,-36.23582,f4
11:50:40,29/10/2014 11:50,4,322.6085,3.477197,-35.8971,f4
11:51:00,29/10/2014 11:51,19,426.348,4.74445,-4.61388,f4
11:51:20,29/10/2014 11:51,20,402.1697,4.478417,-3.94097,f4
11:52:20,29/10/2014 11:52,3,773.4742,8.333687,-36.25692,f4
11:52:40,29/10/2014 11:52,4,322.6318,3.477698,-35.82788,f4
11:53:00,29/10/2014 11:53,19,426.2538,4.743422,-4.609575,f4
11:53:20,29/10/2014 11:53,20,402.0094,4.476732,-3.918539,f4
11:54:20,29/10/2014 11:54,3,773.418,8.333838,-36.16947,f4
11:54:40,29/10/2014 11:54,4,322.5861,3.477358,-35.7854,f4
11:55:00,29/10/2014 11:55,19,426.1579,4.742313,-4.618504,f4
11:55:20,29/10/2014 11:55,20,401.8419,4.474623,-3.973058,f4
11:56:20,29/10/2014 11:56,3,773.3214,8.333385,-36.10151,f4
11:56:40,29/10/2014 11:56,4,322.5817,3.47719,-35.81881,f4
11:57:00,29/10/2014 11:57,19,426.2246,4.743412,-4.543677,f4
11:57:20,29/10/2014 11:57,20,401.9251,4.475243,-4.041269,f4
11:58:20,29/10/2014 11:58,3,773.5973,8.335763,-36.17019,f4
11:58:40,29/10/2014 11:58,4,322.7855,3.478979,-35.93187,f4
11:59:00,29/10/2014 11:59,19,426.0442,4.7411,-4.607438,f4
11:59:20,29/10/2014 11:59,20,401.5823,4.471687,-3.983106,f4
12:00:20,29/10/2014 12:00,3,773.476,8.334072,-36.21478,f4
12:00:40,29/10/2014 12:00,4,322.6634,3.47833,-35.74693,f4
12:01:00,29/10/2014 12:01,19,585.1629,6.512436,-4.51067,f4
12:01:20,29/10/2014 12:01,20,551.5778,6.143675,-3.696947,f4
12:02:20,29/10/2014 12:02,3,773.5432,8.334388,-36.2617,f4
12:02:40,29/10/2014 12:02,4,322.6698,3.477789,-35.91602,f4
12:03:00,29/10/2014 12:03,19,586.3459,6.526016,-4.447625,f4
12:03:20,29/10/2014 12:03,20,552.6491,6.156122,-3.613882,f4
12:04:20,29/10/2014 12:04,3,773.4154,8.333046,-36.25768,f4
12:04:40,29/10/2014 12:04,4,322.5591,3.476868,-35.84061,f4
12:05:00,29/10/2014 12:05,19,586.8932,6.532,-4.463892,f4
12:05:20,29/10/2014 12:05,20,553.2077,6.16255,-3.580626,f4
12:06:20,29/10/2014 12:06,3,773.3134,8.333179,-36.11532,f4
12:06:40,29/10/2014 12:06,4,322.5659,3.477151,-35.78252,f4
12:07:00,29/10/2014 12:07,19,586.9506,6.532779,-4.442531,f4
12:07:20,29/10/2014 12:07,20,553.2311,6.162585,-3.617133,f4
12:08:20,29/10/2014 12:08,3,773.2698,8.331928,-36.20567,f4
12:08:40,29/10/2014 12:08,4,322.5466,3.476643,-35.86566,f4
12:09:00,29/10/2014 12:09,19,586.8338,6.531203,-4.4846,f4
12:09:20,29/10/2014 12:09,20,552.9867,6.159657,-3.650485,f4
12:10:20,29/10/2014 12:10,3,773.2935,8.332817,-36.13239,f4
12:10:40,29/10/2014 12:10,4,322.5677,3.4768,-35.88487,f4
12:11:00,29/10/2014 12:11,19,586.8698,6.5315,-4.500252,f4
12:11:20,29/10/2014 12:11,20,552.8543,6.158206,-3.646658,f4
12:12:20,29/10/2014 12:12,3,773.4875,8.334302,-36.20229,f4
12:12:40,29/10/2014 12:12,4,322.6518,3.47781,-35.85648,f4
12:13:00,29/10/2014 12:13,19,586.7766,6.530393,-4.510919,f4
12:13:20,29/10/2014 12:13,20,552.5989,6.15531,-3.655001,f4
12:14:20,29/10/2014 12:14,3,773.4269,8.333267,-36.2466,f4
12:14:40,29/10/2014 12:14,4,322.5905,3.477465,-35.76876,f4
12:15:00,29/10/2014 12:15,19,586.8597,6.531297,-4.514351,f4
12:15:20,29/10/2014 12:15,20,551.4305,6.142508,-3.620373,f4
12:16:20,29/10/2014 12:16,3,773.4497,8.333997,-36.19054,f4
12:16:40,29/10/2014 12:16,4,322.6407,3.477091,-36.02269,f4
12:17:00,29/10/2014 12:17,19,42.15749,0.4439723,-58.00019,f4
12:17:20,29/10/2014 12:17,20,47.37874,0.5024225,-51.46152,f4
12:18:20,29/10/2014 12:18,3,773.2612,8.331811,-36.20855,f4
12:18:40,29/10/2014 12:18,4,322.5688,3.476265,-36.03679,f4
12:19:00,29/10/2014 12:19,19,187.0006,2.069964,-10.06254,f4
12:19:20,29/10/2014 12:19,20,195.8642,2.16977,-9.106693,f4
12:20:20,29/10/2014 12:20,3,773.4524,8.333682,-36.23042,f4
12:20:40,29/10/2014 12:20,4,322.6432,3.477376,-35.9513,f4
12:21:00,29/10/2014 12:21,19,156.2643,1.724863,-12.66459,f4
12:21:20,29/10/2014 12:21,20,159.395,1.76087,-11.89487,f4
12:22:20,29/10/2014 12:22,3,773.3416,8.332614,-36.21582,f4
12:22:40,29/10/2014 12:22,4,322.5642,3.476616,-35.92569,f4
12:23:00,29/10/2014 12:23,19,279.4793,3.105191,-6.2221,f4
12:23:20,29/10/2014 12:23,20,288.4503,3.207254,-5.437739,f4
12:24:20,29/10/2014 12:24,3,773.4219,8.332896,-36.28334,f4
12:24:40,29/10/2014 12:24,4,322.6398,3.477471,-35.91475,f4
12:25:00,29/10/2014 12:25,19,424.8306,4.72775,-4.574456,f4
12:25:20,29/10/2014 12:25,20,396.5136,4.415997,-3.813687,f4
12:26:20,29/10/2014 12:26,3,773.6008,8.335535,-36.20096,f4
12:26:40,29/10/2014 12:26,4,322.6603,3.47783,-35.87648,f4
12:27:00,29/10/2014 12:27,19,579.9742,6.454093,-4.602795,f4
12:27:20,29/10/2014 12:27,20,544.4633,6.065407,-3.536793,f4
12:28:20,29/10/2014 12:28,3,773.4818,8.333755,-36.25856,f4
12:28:40,29/10/2014 12:28,4,322.7074,3.477669,-36.062,f4
12:29:00,29/10/2014 12:29,19,722.6203,8.038045,-5.012528,f4
12:29:20,29/10/2014 12:29,20,837.0634,9.312335,-4.878568,f4
12:30:20,29/10/2014 12:30,3,773.5145,8.33358,-36.31938,f4
12:30:40,29/10/2014 12:30,4,322.5902,3.477256,-35.82601,f4
12:31:00,29/10/2014 12:31,19,1221.35,13.53217,-8.946536,f4
12:31:20,29/10/2014 12:31,20,1178.44,13.07137,-7.836118,f4
12:32:20,29/10/2014 12:32,3,773.4805,8.334194,-36.2062,f4
12:32:40,29/10/2014 12:32,4,322.6544,3.478045,-35.79911,f4
12:33:00,29/10/2014 12:33,19,1541.185,17.01648,-12.39096,f4
12:33:20,29/10/2014 12:33,20,1496.731,16.54356,-11.3212,f4
12:34:20,29/10/2014 12:34,3,773.3162,8.333973,-36.02693,f4
12:34:40,29/10/2014 12:34,4,322.6092,3.478313,-35.58971,f4
12:35:00,29/10/2014 12:35,19,1897.222,20.85603,-16.70582,f4
12:35:20,29/10/2014 12:35,20,1833.634,20.17842,-15.66122,f4
12:36:20,29/10/2014 12:36,3,774.0485,8.336364,-36.66275,f4
12:36:40,29/10/2014 12:36,4,322.9558,3.478815,-36.48573,f4
12:37:00,29/10/2014 12:37,19,1872.78,20.59384,-16.39538,f4
12:37:20,29/10/2014 12:37,20,1825.751,20.09943,-15.28111,f4
12:38:20,29/10/2014 12:38,3,773.3568,8.333207,-36.16613,f4
12:38:40,29/10/2014 12:38,4,322.5607,3.476235,-36.02082,f4
12:39:00,29/10/2014 12:39,19,426.9035,4.750384,-4.665907,f4
12:39:20,29/10/2014 12:39,20,431.1706,4.797766,-4.686667,f4
12:40:20,29/10/2014 12:40,3,773.2399,8.331796,-36.18365,f4
12:40:40,29/10/2014 12:40,4,322.5195,3.476306,-35.87816,f4
12:41:00,29/10/2014 12:41,19,426.2803,4.74375,-4.602688,f4
12:41:20,29/10/2014 12:41,20,427.1765,4.753762,-4.594804,f4
12:42:20,29/10/2014 12:42,3,773.4064,8.332283,-36.33482,f4
12:42:40,29/10/2014 12:42,4,322.6254,3.476843,-36.0456,f4
12:43:00,29/10/2014 12:43,19,423.0058,4.68061,-10.24886,f4
12:43:20,29/10/2014 12:43,20,425.9935,4.713519,-10.28029,f4
12:44:20,29/10/2014 12:44,3,773.5594,8.334394,-36.28132,f4
12:44:40,29/10/2014 12:44,4,322.6661,3.478387,-35.73926,f4
12:45:00,29/10/2014 12:45,19,422.9905,4.679639,-10.41873,f4
12:45:20,29/10/2014 12:45,20,423.4005,4.684165,-10.42064,f4
12:46:20,29/10/2014 12:46,3,773.5052,8.334243,-36.23133,f4
12:46:40,29/10/2014 12:46,4,322.6285,3.477606,-35.84363,f4
12:47:00,29/10/2014 12:47,19,421.4213,4.662914,-10.28355,f4
12:47:20,29/10/2014 12:47,20,426.1179,4.714903,-10.27859,f4
,,,,,,
,,,,,,
,,,,,,
,,,,,,
,,,,,,
,,,,,,
,,,,,,
,,,,,,
,,,,,,
,,,,,,
,,,,,,
,,,,,,
,,,,,,
,,,,,,
,,,,,,
,,,,,,
,,,,,,
,,,,,,
,,,,,,
,,,,,,
,,,,,,
,,,,,,
,,,,,,
,,,,,,
,,,,,,
,,,,,,
,,,,,,
,,,,,,
,,,,,,
,,,,,,
,,,,,,
,,,,,,
,,,,,,
,,,,,,
,,,,,,
,,,,,,
,,,,,,
,,,,,,
,,,,,,
,,,,,,
,,,,,,
,,,,,,
,,,,,,
,,,,,,
,,,,,,
,,,,,,
,,,,,,
,,,,,,
,,,,,,
,,,,,,
,,,,,,
,,,,,,
,,,,,,
,,,,,,
,,,,,,
,,,,,,
,,,,,,
,,,,,,
,,,,,,
,,,,,,
,,,,,,
,,,,,,
,,,,,,
,,,,,,
,,,,,,
,,,,,,
,,,,,,
,,,,,,
,,,,,,
,,,,,,
,,,,,,
,,,,,,
,,,,,,
,,,,,,
,,,,,,
,,,,,,
,,,,,,
,,,,,,
,,,,,,
,,,,,,
,,,,,,
,,,,,,
