Empty_id,Date,Ring,Tree,Canopy ,CO2,Obs,HHMMSS,FTime,EBal?,Photo,Cond,Ci,Trmmol,VpdL,CTleaf,Area,BLC_1,StmRat,BLCond,Tair,Tleaf,TBlk,CO2R,CO2S,H2OR,H2OS,RH_R,RH_S,Flow,PARi,PARo,Press,CsMch,HsMch,StableF,BLCslope,BLCoffst,f_parin,f_parout,alphaK,Status,fda,Trans,Tair_K,Twall_K,R(W/m2),Tl-Ta,SVTleaf,h2o_i,h20diff,CTair,SVTair,CndTotal,vp_kPa,VpdA,CndCO2,Ci_Pa,Ci/Ca,RHsfc,C2sfc,AHs/Cs
a,22/10/2014,empty,empty,empty,empty,1,10:34:22,268,0,-0.379783628,-0.00375107,242.0054642,-0.052916314,1.408060552,23.91754341,6,1.420000017,1,2.840000033,23.53882027,23.91754341,23.13846016,410.3772278,411.1802979,15.48372173,15.37951851,54.33442688,53.96876526,300.0050354,0.19713518,0.400009543,102.2211075,0.148139238,0.286397636,1,-0.219565243,2.737391472,1,0,0.159999996,111115,0.500008392,-5.29163E-05,297.0675434,296.6888203,0.031541628,-0.022603091,2.980171967,29.15417413,13.77465562,23.72818184,2.946419902,-0.003756031,1.572111415,1.374308488,-0.002347073,24.73806657,0.58856289,51.61244704,411.3608288,-0.000476505
a,22/10/2014,empty,empty,empty,empty,2,10:34:32,278,0,-0.224695677,-0.003676552,304.8188858,-0.051833941,1.407257022,23.9138813,6,1.420000017,1,2.840000033,23.54178429,23.9138813,23.13485527,410.0635986,410.5555115,15.48301029,15.38094521,54.32228088,53.96417999,300.024353,0.079571471,0.080002449,102.2212219,0.148139238,0.286397636,0.666666687,-0.219565243,2.737391472,1,0,0.159999996,111115,0.500040588,-5.18339E-05,297.0638813,296.6917843,0.012731435,-0.022506101,2.979516036,29.1477247,13.7667795,23.72783279,2.946357998,-0.003681318,1.572259013,1.374098985,-0.002300395,31.15895897,0.742454741,51.63080887,410.662321,-0.0002825
a,22/10/2014,empty,empty,empty,empty,3,10:34:43,288.5,0,-0.098474577,-0.003697939,359.016762,-0.05216408,1.407992335,23.91692543,6,1.420000017,1,2.840000033,23.54340744,23.91692543,23.12963676,410.0083313,410.2480774,15.48206615,15.37934399,54.31274414,53.95238495,300.004364,0.193550289,0.271751642,102.2195053,0.148139238,0.286397636,0.666666687,-0.219565243,2.737391472,1,0,0.159999996,111115,0.500007273,-5.21641E-05,297.0669254,296.6934074,0.030968045,-0.022308174,2.98006127,29.15354815,13.77420416,23.73016644,2.946771899,-0.00370276,1.572068934,1.374702964,-0.002313791,36.69851581,0.875121132,51.61392021,410.2948875,-0.000123878
a,22/10/2014,empty,empty,empty,empty,4,10:34:53,299,0,-0.195066473,-0.003630702,316.1015599,-0.051287865,1.409999701,23.92949677,6,1.420000017,1,2.840000033,23.5405159,23.92949677,23.12653542,409.736908,410.1690979,15.48267841,15.3816843,54.3245697,53.97020721,300.0113831,0.311825484,0.257778525,102.2198944,0.148139238,0.286397636,1,-0.219565243,2.737391472,1,0,0.159999996,111115,0.500018972,-5.12879E-05,297.0794968,296.6905159,0.049892076,-0.024612856,2.982313847,29.17547376,13.79378945,23.73500633,2.947630478,-0.003635349,1.572314145,1.375316332,-0.002271675,32.31186808,0.770661568,51.58208209,410.2618232,-0.000245256
a,22/10/2014,empty,empty,empty,empty,5,10:35:03,309,0,-0.109481246,-0.004040473,358.0761999,-0.05709187,1.410187103,23.93089867,6,1.420000017,1,2.840000033,23.54098129,23.93089867,23.12668037,409.7837524,410.04953,15.49462509,15.38220024,54.365345,53.97088242,300.0066528,0.286027879,0.110479861,102.2206192,0.148139238,0.286397636,1,-0.219565243,2.737391472,1,0,0.159999996,111115,0.500011088,-5.70919E-05,297.0808987,296.6909813,0.04576446,-0.021750817,2.982565137,29.1777252,13.79552496,23.73593998,2.947796128,-0.00404623,1.572378033,1.375418095,-0.002528376,36.60277088,0.873251092,51.57266196,410.1015722,-0.000137679
a,22/10/2014,empty,empty,empty,empty,6,10:35:14,319.5,0,0.028610219,-0.004027876,412.0048622,-0.056948289,1.411043742,23.94020462,6,1.420000017,1,2.840000033,23.54563522,23.94020462,23.13249588,409.9498901,409.9393616,15.50211334,15.38998222,54.37692642,53.98360443,300.0336914,0.210046157,0.234934732,102.2216873,0.148139238,0.286397636,1,-0.219565243,2.737391472,1,0,0.159999996,111115,0.500056152,-5.69483E-05,297.0902046,296.6956352,0.033607384,-0.022595987,2.984233693,29.19374324,13.80376101,23.74291992,2.949034789,-0.004033597,1.573189951,1.375844838,-0.002520483,42.1158322,1.005038552,51.56996306,409.9257616,3.59926E-05
a,22/10/2014,empty,empty,empty,empty,7,10:35:24,330,0,-0.052540059,-0.004097528,380.5539012,-0.0579941,1.412467116,23.95212173,6,1.420000017,1,2.840000033,23.5510273,23.95212173,23.13487816,409.8317566,409.984375,15.51125431,15.39706326,54.39099121,53.99057388,300.0296021,0.255919129,0.250166476,102.2210846,0.148139238,0.286397636,1,-0.219565243,2.737391472,1,0,0.159999996,111115,0.500049337,-5.79941E-05,297.1021217,296.7010273,0.04094706,-0.022839059,2.986371622,29.21483012,13.81776687,23.75157452,2.950571265,-0.004103448,1.573904506,1.37666676,-0.002564122,38.90063253,0.928215621,51.55392794,410.00935,-6.6063E-05
a,22/10/2014,empty,empty,empty,empty,8,10:35:34,340,0,-0.016240871,-0.004084268,394.5285107,-0.05783338,1.413090183,23.96204948,6,1.420000017,1,2.840000033,23.55488205,23.96204948,23.13466263,409.905426,409.985321,15.52249813,15.4086256,54.41698456,54.0177803,300.0315247,0.189967752,0.133337289,102.2195969,0.148139238,0.286397636,1,-0.219565243,2.737391472,1,0,0.159999996,111115,0.500052541,-5.78334E-05,297.1120495,296.704882,0.03039484,-0.023864395,2.988153681,29.23268896,13.82406336,23.75846577,2.95179519,-0.004090151,1.575063497,1.376731693,-0.002555815,40.32854531,0.962299113,51.56095981,409.9930412,-2.04246E-05
a,22/10/2014,empty,empty,empty,empty,9,10:35:45,350.5,0,-0.181702975,-0.004083454,330.3988716,-0.057753838,1.411408315,23.9587059,6,1.420000017,1,2.840000033,23.55704308,23.9587059,23.12967491,409.4618835,409.8726501,15.53311634,15.41938496,54.4464798,54.04783249,299.9874268,0.243013605,0.064763367,102.2184143,0.148139238,0.286397636,1,-0.219565243,2.737391472,1,0,0.159999996,111115,0.499979045,-5.77538E-05,297.1087059,296.7070431,0.038882176,-0.02306853,2.987553394,29.22715457,13.80776961,23.75787449,2.951690159,-0.004089334,1.57614508,1.375545079,-0.002555305,33.77284875,0.806101289,51.60877562,409.959023,-0.000228742
a,22/10/2014,empty,empty,empty,empty,10,10:35:55,361,0,0.003020762,-0.004146602,401.6189685,-0.058712753,1.412929168,23.9717865,6,1.420000017,1,2.840000033,23.56210518,23.9717865,23.13084984,409.5906677,409.6327209,15.54317474,15.42757893,54.46479416,54.05973816,300.0469666,0.306098878,0.201910704,102.217804,0.148139238,0.286397636,0.666666687,-0.219565243,2.737391472,1,0,0.159999996,111115,0.500078278,-5.87128E-05,297.1217865,296.7121052,0.048975819,-0.023524642,2.989902406,29.25030954,13.82273061,23.76694584,2.953301909,-0.004152665,1.576973238,1.37632867,-0.00259487,41.05260898,0.980436737,51.59283749,409.631285,3.80463E-06
a,22/10/2014,empty,empty,empty,empty,11,10:36:05,371,0,0.044530594,-0.004103976,417.6023658,-0.058155056,1.414030629,23.98455429,6,1.420000017,1,2.840000033,23.56622505,23.98455429,23.1326313,409.6704712,409.6290588,15.55385876,15.43935776,54.48831558,54.08719635,300.0350037,0.18351303,0.152383015,102.2170868,0.148139238,0.286397636,1,-0.219565243,2.737391472,1,0,0.159999996,111115,0.500058339,-5.81551E-05,297.1345543,296.7162251,0.029362084,-0.025210714,2.992196801,29.27296105,13.8336033,23.77538967,2.954802856,-0.004109915,1.578166172,1.376636684,-0.002568163,42.68609727,1.019464701,51.59212369,409.6078911,5.60885E-05
b,28/10/2014,empty,empty,empty,empty,1,09:30:47,353.5,0,0.10027945,-0.008184458,432.4561842,-0.08678167,1.040804342,22.87294197,6,1.420000017,1,2.840000033,21.43588638,22.87294197,19.99835205,420.242218,420.1148376,17.61751556,17.44733047,69.21755219,68.54891205,300.6170349,0.154614002,116.411171,100.7206039,-2.804449558,0.042115241,1,-0.219565243,2.737391472,1,0,0.159999996,111115,0.501028392,-8.67817E-05,296.022942,294.5858864,0.02473824,-0.143707561,2.798110005,27.78090972,10.33357924,22.15441418,2.678598886,-0.008208112,1.757305663,0.921293223,-0.00512794,43.55724805,1.029376126,61.83268321,420.0671696,0.000147608
b,28/10/2014,empty,empty,empty,empty,2,09:30:57,363.5,0,0.094392251,-0.008032933,431.6772076,-0.085129114,1.040300511,22.87501526,6,1.420000017,1,2.840000033,21.43315125,22.87501526,19.9970417,420.2427979,420.1257935,17.62262344,17.4556942,69.24972534,68.59376526,300.6416016,0.159581199,117.3964462,100.721344,-2.804449558,0.042115241,1,-0.219565243,2.737391472,1,0,0.159999996,111115,0.501069336,-8.51291E-05,296.0250153,294.5831512,0.025532991,-0.145196938,2.798461491,27.78419528,10.32850109,22.15408325,2.678544889,-0.008055719,1.75816098,0.920383909,-0.005032772,43.47910852,1.027495132,61.85776429,420.0809239,0.000138994
b,28/10/2014,empty,empty,empty,empty,3,09:31:07,374,0,0.056296675,-0.008030167,424.3139592,-0.0848782,1.037571436,22.8644886,6,1.420000017,1,2.840000033,21.43277168,22.8644886,19.99688148,420.2895203,420.2483521,17.63194275,17.46549606,69.28629303,68.63221741,300.621521,0.14539592,117.552063,100.7189178,-2.804449558,0.042115241,1,-0.219565243,2.737391472,1,0,0.159999996,111115,0.501035868,-8.48782E-05,296.0144886,294.5827717,0.023263347,-0.144009083,2.796677299,27.76714999,10.30165393,22.14863014,2.677655259,-0.008052937,1.759105863,0.918549396,-0.005031035,42.73644279,1.009674296,61.93373335,420.2215913,8.2972E-05
b,28/10/2014,empty,empty,empty,empty,4,09:31:18,384.5,0,0.104714002,-0.008046233,433.814959,-0.084778935,1.034290244,22.84934998,6,1.420000017,1,2.840000033,21.42948151,22.84934998,19.99611855,420.3622742,420.2243958,17.63888931,17.47265244,69.32740784,68.67403412,300.6467285,0.114898339,129.5268402,100.7187042,-2.804449558,0.042115241,1,-0.219565243,2.737391472,1,0,0.159999996,111115,0.501077881,-8.47789E-05,295.99935,294.5794815,0.018383734,-0.142542322,2.794113157,27.74175044,10.269098,22.13941574,2.676152593,-0.008069094,1.759822913,0.91632968,-0.005041125,43.69328054,1.032341205,62.01942947,420.1746197,0.000154562
b,28/10/2014,empty,empty,empty,empty,5,09:31:28,394.5,0,0.090967559,-0.00785741,431.6085598,-0.082729788,1.033593259,22.8512001,6,1.420000017,1,2.840000033,21.43143082,22.8512001,19.99892807,420.3995361,420.287384,17.64513206,17.48291588,69.34274292,68.7052536,300.6485291,0.076599203,129.8461151,100.7173615,-2.804449558,0.042115241,1,-0.219565243,2.737391472,1,0,0.159999996,111115,0.501080882,-8.27298E-05,296.0012001,294.5814308,0.012255872,-0.143679022,2.794426417,27.74523058,10.2623147,22.14131546,2.676462335,-0.00787921,1.760833158,0.915629177,-0.004922543,43.47047533,1.026936749,62.05154198,420.2441424,0.000134319
b,28/10/2014,empty,empty,empty,empty,6,09:31:38,405,0,0.058704557,-0.008008681,424.9391287,-0.084326613,1.03360072,22.85548401,6,1.420000017,1,2.840000033,21.42900467,22.85548401,19.99692535,420.3887329,420.3423157,17.65506554,17.48971748,69.39338684,68.7434845,300.6449585,0.109222859,131.0362244,100.7192459,-2.804449558,0.042115241,1,-0.219565243,2.737391472,1,0,0.159999996,111115,0.501074931,-8.43266E-05,296.005484,294.5790047,0.017475657,-0.143665867,2.795151876,27.75191425,10.26219677,22.14224434,2.676613797,-0.008031329,1.761551156,0.915062641,-0.005017541,42.7995486,1.01093588,62.0588291,420.3144103,8.66764E-05
b,28/10/2014,empty,empty,empty,empty,7,09:31:49,415.5,0,0.02945136,-0.00794697,419.2853091,-0.083511534,1.031588917,22.84855843,6,1.420000017,1,2.840000033,21.43074417,22.84855843,19.99815369,420.4009705,420.412262,17.6616993,17.49795151,69.4124527,68.76890564,300.6462097,0.159581199,133.5043945,100.7198029,-2.804449558,0.042115241,1,-0.219565243,2.737391472,1,0,0.159999996,111115,0.501077016,-8.35115E-05,295.9985584,294.5807442,0.025532991,-0.142851256,2.793979143,27.74011727,10.24216576,22.1396513,2.676190998,-0.00796927,1.762390226,0.913800772,-0.004978785,42.23033368,0.99731941,62.11767815,420.3982622,4.35171E-05
b,28/10/2014,empty,empty,empty,empty,8,09:31:59,425.5,0,0.079287504,-0.008082129,429.004238,-0.08485502,1.030602232,22.84693336,6,1.420000017,1,2.840000033,21.42893028,22.84693336,19.99782944,420.5506897,420.4636536,17.67143822,17.50504684,69.45832062,68.80431366,300.6272278,0.067378215,118.1581955,100.7196274,-2.804449558,0.042115241,1,-0.219565243,2.737391472,1,0,0.159999996,111115,0.50104538,-8.4855E-05,295.9969334,294.5789303,0.010780514,-0.142344519,2.793704028,27.73743411,10.23238726,22.13793182,2.675910668,-0.008105195,1.763101795,0.912808872,-0.005063669,43.20914699,1.020312301,62.14829261,420.4259641,0.000117205
b,28/10/2014,empty,empty,empty,empty,9,09:32:09,436,0,0.043776994,-0.007823324,422.3883018,-0.08196395,1.028505075,22.84096909,6,1.420000017,1,2.840000033,21.42980003,22.84096909,19.99748802,420.5229187,420.5043335,17.67674255,17.51600075,69.47485352,68.84309387,300.5874023,0.191496745,134.2299652,100.7187347,-2.804449558,0.042115241,1,-0.219565243,2.737391472,1,0,0.159999996,111115,0.500979004,-8.1964E-05,295.9909691,294.5798,0.030639478,-0.14271882,2.792694508,27.72765678,10.21165603,22.13538456,2.675495428,-0.007844935,1.764189433,0.911305995,-0.004901138,42.54241533,1.004480259,62.21509185,420.483524,6.47728E-05
b,28/10/2014,empty,empty,empty,empty,10,09:32:20,446.5,0,0.092242621,-0.007502498,433.0135781,-0.078700498,1.029878224,22.8560524,6,1.420000017,1,2.840000033,21.43157768,22.8560524,19.99964905,420.6509399,420.5328979,17.68209648,17.52778244,69.48809052,68.88166046,300.6377869,0.087236777,130.3508148,100.7183838,-2.804449558,0.042115241,1,-0.219565243,2.737391472,1,0,0.159999996,111115,0.501062978,-7.87005E-05,296.0060524,294.5815777,0.013957884,-0.146394214,2.795248143,27.7531076,10.22532516,22.14381504,2.67686993,-0.00752237,1.765369919,0.911500011,-0.004699692,43.61242775,1.029678249,62.2027721,420.4890502,0.000136454
b,28/10/2014,empty,empty,empty,empty,11,09:32:30,456.5,0,-0.027809917,-0.007721978,408.029662,-0.080767517,1.026798988,22.84020424,6,1.420000017,1,2.840000033,21.42889977,22.84020424,19.99794388,420.5734253,420.6967468,17.69042397,17.53204918,69.53089142,68.90841675,300.6217041,0.117026061,129.4996796,100.7164688,-2.804449558,0.042115241,1,-0.219565243,2.737391472,1,0,0.159999996,111115,0.501036174,-8.07675E-05,295.9902042,294.5788998,0.018724169,-0.143503736,2.792565072,27.72699545,10.19494627,22.134552,2.675359722,-0.007743031,1.765766084,0.909593637,-0.004837499,41.09530673,0.969890224,62.27707405,420.7099663,-4.11666E-05
c,29/11/2014,empty,empty,empty,empty,1,09:57:40,446.5,0,-0.179400947,-0.005049882,357.092861,-0.055196588,1.079815232,23.01522636,6,1.420000017,1,2.840000033,21.52649498,23.01522636,20.00069046,420.2335205,420.6378479,17.31825066,17.21000099,68.02072906,67.59555817,300.6752319,0.127664,47.7331543,101.2496262,-2.842428446,0.056461744,0.666666687,-0.219565243,2.737391472,1,0,0.159999996,111115,0.501125387,-5.51966E-05,296.1652264,294.676495,0.02042624,-0.167321844,2.822321399,27.87488217,10.66488117,22.27086067,2.697658357,-0.005058877,1.742506167,0.95515219,-0.003160989,36.15551868,0.848931837,60.78809066,420.7231265,-0.000279661
c,29/11/2014,empty,empty,empty,empty,2,09:57:51,457,0,-0.253618895,-0.005315339,337.900314,-0.058033247,1.078500385,23.01046562,6,1.420000017,1,2.840000033,21.52997971,23.01046562,20.0022049,420.1820679,420.7368774,17.32892227,17.21511269,68.04751587,67.60060883,300.6822205,0.069504514,84.76143646,101.2487106,-2.842428446,0.056461744,1,-0.219565243,2.737391472,1,0,0.159999996,111115,0.501137034,-5.80332E-05,296.1604656,294.6799797,0.011120722,-0.164857921,2.821508348,27.86710398,10.6519913,22.27022266,2.697553608,-0.005325306,1.743007963,0.954545645,-0.003327419,34.21197112,0.803115515,60.82093661,420.8574357,-0.000166954
c,29/11/2014,empty,empty,empty,empty,3,09:58:01,467.5,0,-0.233943372,-0.00509078,340.6345807,-0.055627727,1.0794676,23.02239799,6,1.420000017,1,2.840000033,21.53393555,23.02239799,20.00374985,420.1802063,420.6937561,17.33476257,17.22566605,68.05406189,67.62576294,300.6667786,0.175889686,82.5069046,101.2488556,-2.842428446,0.056461744,1,-0.219565243,2.737391472,1,0,0.159999996,111115,0.501111298,-5.56277E-05,296.172398,294.6839355,0.028142349,-0.166981795,2.823546574,27.88719495,10.6615289,22.27816677,2.698858136,-0.005099922,1.744078974,0.954779162,-0.003186629,34.48886147,0.809697258,60.81659747,420.8049616,-2.75321E-05
c,29/11/2014,empty,empty,empty,empty,4,09:58:11,477.5,0,-0.262077527,-0.0050296,330.9502312,-0.05479559,1.076273212,23.00873947,6,1.420000017,1,2.840000033,21.53153992,23.00873947,19.99962234,420.1675415,420.7366028,17.34183884,17.23436356,68.09107971,67.66909027,300.6340942,0.137591675,82.03736877,101.2477417,-2.842428446,0.056461744,1,-0.219565243,2.737391472,1,0,0.159999996,111115,0.501056824,-5.47956E-05,296.1587395,294.6815399,0.022014667,-0.165991099,2.821213602,27.86445954,10.63009598,22.27013969,2.697539986,-0.005038523,1.74494039,0.952599597,-0.003148274,33.50796352,0.786597194,60.90136813,420.8611819,-7.70717E-05
c,29/11/2014,empty,empty,empty,empty,5,09:58:22,488,0,-0.239289185,-0.005247514,341.3146468,-0.057149626,1.075815968,23.01078033,6,1.420000017,1,2.840000033,21.53339386,23.01078033,20.00018883,420.2638855,420.7894287,17.35426331,17.24217606,68.13271332,67.69265747,300.6456604,0.080143251,86.9540329,101.2485962,-2.842428446,0.056461744,1,-0.219565243,2.737391472,1,0,0.159999996,111115,0.501076101,-5.71496E-05,296.1607803,294.6833939,0.01282292,-0.164895158,2.821562089,27.86766627,10.62549021,22.2720871,2.697859723,-0.005257228,1.745746121,0.952113602,-0.003284893,34.55762885,0.811129329,60.91958154,420.9031753,-1.57438E-05
c,29/11/2014,empty,empty,empty,empty,6,09:58:32,498.5,0,-0.197839762,-0.005055169,351.4594383,-0.055140351,1.077571576,23.02649498,6,1.420000017,1,2.840000033,21.52945328,23.02649498,19.99892616,420.2684631,420.7096252,17.35901833,17.25086403,68.1697464,67.74501801,300.6212463,0.064540192,80.85533905,101.2514572,-2.842428446,0.056461744,1,-0.219565243,2.737391472,1,0,0.159999996,111115,0.501035411,-5.51404E-05,296.176495,294.6794533,0.010326431,-0.168579788,2.824246697,27.89339309,10.64252906,22.27797413,2.698826495,-0.005064183,1.746675121,0.952151373,-0.003164303,35.58578028,0.835396714,60.89498049,420.8036688,-5.91091E-05
c,29/11/2014,empty,empty,empty,empty,7,09:58:42,508.5,0,-0.130315018,-0.004944527,371.7186931,-0.053874055,1.076401857,23.02527809,6,1.420000017,1,2.840000033,21.52915573,23.02527809,19.99853325,420.4161987,420.7215271,17.36634254,17.26067352,68.19851685,67.78354645,300.6225586,0.118444681,81.24919128,101.2496338,-2.842428446,0.056461744,1,-0.219565243,2.737391472,1,0,0.159999996,111115,0.501037598,-5.38741E-05,296.1752781,294.6791557,0.018951149,-0.169018109,2.82403873,27.89184143,10.6311679,22.27721691,2.698702127,-0.004953151,1.747636873,0.951065254,-0.003094943,37.63638155,0.883526678,60.93591245,420.7834726,1.0037E-05
c,29/11/2014,empty,empty,empty,empty,8,09:58:53,519,0,-0.215556641,-0.00520549,347.9526238,-0.056787773,1.077608289,23.03676414,6,1.420000017,1,2.840000033,21.53403091,23.03676414,20.0039959,420.3246155,420.8024902,17.37975502,17.26838112,68.22991943,67.79268646,300.6474915,0.123404451,83.85845184,101.2482834,-2.842428446,0.056461744,1,-0.219565243,2.737391472,1,0,0.159999996,111115,0.501079152,-5.67878E-05,296.1867641,294.6840309,0.019744712,-0.168368732,2.826002234,27.9116064,10.64322528,22.28539753,2.700046002,-0.005215049,1.748393945,0.951652057,-0.003258545,35.22960586,0.826878718,60.91515457,420.9049555,-5.57086E-05
c,29/11/2014,empty,empty,empty,empty,9,09:59:03,529.5,0,-0.251155287,-0.004977912,333.663004,-0.054210691,1.075848564,23.03338432,6,1.420000017,1,2.840000033,21.54164886,23.03338432,20.00323486,420.2848511,420.831604,17.38589859,17.27958107,68.22408295,67.80688477,300.6500854,0.151778072,82.16578674,101.2510529,-2.842428446,0.056461744,1,-0.219565243,2.737391472,1,0,0.159999996,111115,0.501083476,-5.42107E-05,296.1833843,294.6916489,0.024284491,-0.168218151,2.825424341,27.90513541,10.62555434,22.28751659,2.700394207,-0.004986652,1.749575776,0.950818431,-0.003115871,33.78373045,0.792865842,60.97403728,420.9509912,-0.000124218
c,29/11/2014,empty,empty,empty,empty,10,09:59:13,539.5,0,-0.276022755,-0.005095335,327.8135586,-0.05543582,1.074744668,23.03367615,6,1.420000017,1,2.840000033,21.54800224,23.03367615,20.00508499,420.2639465,420.8613586,17.39989853,17.29117966,68.25167847,67.82523346,300.6502991,0.097168542,83.38248444,101.2498627,-2.842428446,0.056461744,1,-0.219565243,2.737391472,1,0,0.159999996,111115,0.501083832,-5.54358E-05,296.1836761,294.6980022,0.015546966,-0.16688659,2.825474234,27.90595621,10.61477655,22.2908392,2.700940258,-0.005104493,1.750729566,0.950210692,-0.003189484,33.19107779,0.77891104,61.01290661,420.9925666,-6.73513E-05
c,29/11/2014,empty,empty,empty,empty,11,09:59:24,550,0,-0.256601522,-0.00496844,331.7866947,-0.054124599,1.076148125,23.04614258,6,1.420000017,1,2.840000033,21.55039215,23.04614258,20.00229836,420.2886963,420.8463135,17.40466309,17.29850388,68.25987244,67.84352875,300.6144714,0.160285935,82.9103241,101.249115,-2.842428446,0.056461744,1,-0.219565243,2.737391472,1,0,0.159999996,111115,0.501024119,-5.41246E-05,296.1961426,294.7003922,0.025645749,-0.168795705,2.827606333,27.92722024,10.62871636,22.29826736,2.702161385,-0.004977147,1.751458208,0.950703177,-0.003109934,33.5931092,0.78837971,60.9926066,420.9682896,-1.57355E-05
d,27/10/2014,empty,empty,empty,empty,1,09:49:30,48.5,0,-0.326502681,0.002456217,615.6238994,0.052973369,2.113455446,26.02930069,6,1.420000017,1,2.840000033,23.58213043,26.02930069,21.45265579,420.0639954,420.6730347,12.5323782,12.63708973,43.0101738,43.36953735,299.7030334,0.0468098,109.516777,100.233345,-3.350837231,0.161262527,1,-0.219565243,2.737391472,1,0,0.159999996,111115,0.499505056,5.29734E-05,299.1793007,296.7321304,0.007489568,-0.357557003,3.380113221,33.72244257,21.08535284,24.80571556,3.143033058,0.002454095,1.266657775,1.876375283,0.001534,61.70604271,1.463426102,36.04540424,420.8282384,-0.000808742
d,27/10/2014,empty,empty,empty,empty,2,09:49:41,59,0,-0.19507761,0.002381783,534.8881669,0.051453167,2.116890041,26.03885841,6,1.420000017,1,2.840000033,23.57120895,26.03885841,21.44092941,419.9194641,420.2666931,12.52024269,12.62194443,42.99665451,43.34591293,299.7218933,0.103551887,114.7853775,100.2329636,-3.350837231,0.161262527,0.666666687,-0.219565243,2.737391472,1,0,0.159999996,111115,0.499536489,5.14532E-05,299.1888584,296.721209,0.016568302,-0.359411261,3.382024937,33.74164364,21.11969921,24.80503368,3.1429051,0.002379787,1.265134896,1.877770205,0.001487546,53.61342614,1.272735089,35.97587116,420.3594237,-0.000809761
d,27/10/2014,empty,empty,empty,empty,3,09:49:51,69.5,0,-0.032161966,0.002468109,426.3307204,0.053294795,2.116048939,26.02809525,6,1.420000017,1,2.840000033,23.56484795,26.02809525,21.43136787,420.0787048,420.0982666,12.50364017,12.6089716,42.95571518,43.31757736,299.7555847,0.017731221,116.2204361,100.2320633,-3.350837231,0.161262527,1,-0.219565243,2.737391472,1,0,0.159999996,111115,0.499592641,5.32948E-05,299.1780952,296.7148479,0.002836995,-0.359917529,3.379872178,33.72046895,21.11149735,24.7964716,3.141298765,0.002465966,1.263823239,1.877475526,0.001541421,42.73200776,1.014835705,35.96361098,420.1135549,-0.000839084
d,27/10/2014,empty,empty,empty,empty,4,09:50:01,79.5,0,-0.090132314,0.002419144,464.4938087,0.052253053,2.11667284,26.02409744,6,1.420000017,1,2.840000033,23.55695724,26.02409744,21.41966057,419.9985657,420.1350403,12.49146175,12.59473991,42.93440247,43.28937531,299.7435608,0.080853984,114.2022705,100.2323227,-3.350837231,0.161262527,1,-0.219565243,2.737391472,1,0,0.159999996,111115,0.499572601,5.22531E-05,299.1740974,296.7069572,0.012936637,-0.359761541,3.379072875,33.71240718,21.11766727,24.79052734,3.140183984,0.002417086,1.262400035,1.877783949,0.001510863,46.55729333,1.105582168,35.92920579,420.1778849,-0.000818383
d,27/10/2014,empty,empty,empty,empty,5,09:50:12,90,0,-0.018425938,0.002342834,418.2861757,0.050599678,2.116459863,26.01579094,6,1.420000017,1,2.840000033,23.55066872,26.01579094,21.41005135,420.1968079,420.1911316,12.48015308,12.58016872,42.9122467,43.25614548,299.7318726,0.078725971,122.715004,100.2333755,-3.350837231,0.161262527,1,-0.219565243,2.737391472,1,0,0.159999996,111115,0.499553121,5.05997E-05,299.1657909,296.7006687,0.012596155,-0.358610515,3.377412639,33.69548936,21.11532063,24.78322983,3.138815887,0.002340903,1.260952776,1.87786311,0.001463238,41.92623533,0.995466454,35.90347264,420.1998904,-0.000898559
d,27/10/2014,empty,empty,empty,empty,6,09:50:22,100.5,0,-0.069189474,0.002277686,453.8592511,0.049123272,2.113481667,25.99379158,6,1.420000017,1,2.840000033,23.53633308,25.99379158,21.39761162,420.2185059,420.3156738,12.46900082,12.56609631,42.91079712,43.2449379,299.7419434,0.019149691,89.18723297,100.2329865,-3.350837231,0.161262527,1,-0.219565243,2.737391472,1,0,0.159999996,111115,0.499569906,4.91233E-05,299.1437916,296.6863331,0.00306395,-0.35686984,3.373019027,33.65178617,21.08568987,24.76506233,3.135412208,0.00227586,1.259537361,1.875874847,0.001422577,45.49166817,1.079805678,35.91071983,420.3485632,-0.000890409
d,27/10/2014,empty,empty,empty,empty,7,09:50:32,110.5,0,0.011759241,0.00234385,398.1939861,0.050569177,2.11431339,25.99164391,6,1.420000017,1,2.840000033,23.53151703,25.99164391,21.38836098,420.4315491,420.365448,12.45370674,12.55367756,42.87007523,43.21421051,299.6935425,0.101421997,120.5713654,100.2317429,-3.350837231,0.161262527,1,-0.219565243,2.737391472,1,0,0.159999996,111115,0.499489237,5.05692E-05,299.1416439,296.681517,0.016227519,-0.357817645,3.372590371,33.64792704,21.09424949,24.76158047,3.134760249,0.002341917,1.258276981,1.876483268,0.001463872,39.91167722,0.947256698,35.87937654,420.3598582,-0.000785945
d,27/10/2014,empty,empty,empty,empty,8,09:50:43,121,0,-0.065416341,0.002238448,452.2564112,0.048364145,2.117257881,25.99960136,6,1.420000017,1,2.840000033,23.52855682,25.99960136,21.38353729,420.4730225,420.5632629,12.44452667,12.54013538,42.84616852,43.17534256,299.7069092,0.122698463,102.4345856,100.2318497,-3.350837231,0.161262527,1,-0.219565243,2.737391472,1,0,0.159999996,111115,0.499511515,4.83641E-05,299.1496014,296.6785568,0.019631754,-0.358103128,3.374178846,33.66373919,21.1236038,24.76407909,3.13522809,0.002236685,1.256920965,1.878307126,0.001398086,45.33049662,1.075358813,35.8178529,420.5943587,-0.000847129
d,27/10/2014,empty,empty,empty,empty,9,09:50:53,131.5,0,-0.145981018,0.002218869,509.7370805,0.047955188,2.117889945,25.99640846,6,1.420000017,1,2.840000033,23.51829338,25.99640846,21.37612534,420.2440796,420.4959412,12.43264389,12.52743912,42.83184814,43.15843201,299.7266846,0.018440122,105.2000275,100.2320938,-3.350837231,0.161262527,1,-0.219565243,2.737391472,1,0,0.159999996,111115,0.499544474,4.79552E-05,299.1464085,296.6682934,0.002950419,-0.359019205,3.373541397,33.65729747,21.12985835,24.75735092,3.133968451,0.002217137,1.255651453,1.878316998,0.001385866,51.09201488,1.212228302,35.78674813,420.5653335,-0.00071876
d,27/10/2014,empty,empty,empty,empty,10,09:51:03,141.5,0,-0.079063689,0.002260362,461.103939,0.04876998,2.114413483,25.97379875,6,1.420000017,1,2.840000033,23.51206589,25.97379875,21.3683548,420.2078857,420.3251343,12.42078018,12.51719761,42.80677795,43.1390686,299.6938477,-0.00567397,108.7787857,100.2314606,-3.350837231,0.161262527,1,-0.219565243,2.737391472,1,0,0.159999996,111115,0.499489746,4.877E-05,299.1237988,296.6620659,-0.000907835,-0.357244552,3.369030482,33.61250512,21.09530751,24.74293232,3.13127051,0.002258564,1.254616999,1.876653511,0.001411764,46.21712128,1.097017288,35.80906145,420.3627174,-0.000825377
d,27/10/2014,empty,empty,empty,empty,11,09:51:14,152,0,-0.018483332,0.002296291,418.6816571,0.049563266,2.115229286,25.9727726,6,1.420000017,1,2.840000033,23.50270462,25.9727726,21.35538483,420.2954712,420.2907715,12.40900993,12.50698853,42.79045486,43.1283226,299.718811,0.075179003,121.2793884,100.2316895,-3.350837231,0.161262527,1,-0.219565243,2.737391472,1,0,0.159999996,111115,0.499531352,4.95633E-05,299.1227726,296.6527046,0.01202864,-0.358611923,3.368825876,33.61038704,21.10339852,24.73773861,3.130299185,0.002294436,1.25359659,1.876702595,0.001434189,41.96516983,0.996171426,35.78161151,420.2995576,-0.000863967
e,30/10/2014,empty,empty,empty,empty,1,09:41:53,1241.5,0,-0.520079996,-0.005978277,276.4816845,-0.056655387,0.933906786,22.72241592,6,1.420000017,1,2.840000033,21.382864,22.72241592,19.99879074,419.6101685,420.6988831,18.30644035,18.19510078,72.40105438,71.96071625,299.7561646,0.067378126,100.4163361,101.0594788,-2.317841053,0.022669226,0.666666687,-0.219565243,2.737391472,1,0,0.159999996,111115,0.499593608,-5.66554E-05,295.8724159,294.532864,0.0107805,-0.14664988,2.772694188,27.43626052,9.24115974,22.05263996,2.662037534,-0.005990888,1.838787401,0.823250133,-0.00374317,27.94109492,0.657196146,65.4585762,420.9461042,-0.000808742
e,30/10/2014,empty,empty,empty,empty,2,09:42:03,1252,0,-0.520954464,-0.005924652,275.0414279,-0.056220046,0.935122069,22.73450661,6,1.420000017,1,2.840000033,21.38538742,22.73450661,19.9991169,419.6607056,420.7506409,18.31368446,18.20321846,72.41844177,71.98162079,299.8026123,-0.006383226,101.9610977,101.0593872,-2.317841053,0.022669226,1,-0.219565243,2.737391472,1,0,0.159999996,111115,0.499671021,-5.622E-05,295.8845066,294.5353874,-0.001021316,-0.148289446,2.774728172,27.456412,9.25319354,22.05994701,2.663223591,-0.005937037,1.839606103,0.823617488,-0.003709533,27.79551816,0.653692238,65.43913504,420.9982777,-0.000809761
e,30/10/2014,empty,empty,empty,empty,3,09:42:14,1262.5,0,-0.539727201,-0.005823562,267.5201194,-0.055238711,0.934773796,22.73459244,6,1.420000017,1,2.840000033,21.38623047,22.73459244,19.99742889,419.6344604,420.761322,18.31547928,18.20692444,72.42133331,71.99209595,299.7543945,0.157453373,100.5647659,101.0587387,-2.317841053,0.022669226,1,-0.219565243,2.737391472,1,0,0.159999996,111115,0.499590658,-5.52387E-05,295.8845924,294.5362305,0.025192539,-0.148393274,2.774742615,27.45673111,9.249806675,22.06041145,2.663298993,-0.005835528,1.83996882,0.823330173,-0.003646128,27.03524584,0.635800168,65.45334768,421.0178825,-0.000839084
e,30/10/2014,empty,empty,empty,empty,4,09:42:24,1272.5,0,-0.526723794,-0.00560799,265.455098,-0.053339556,0.937380488,22.75545311,6,1.420000017,1,2.840000033,21.39032555,22.75545311,19.99752045,419.5920715,420.6912231,18.320755,18.21594048,72.42380524,72.00946808,299.7748108,0.015603055,101.6055756,101.0584412,-2.317841053,0.022669226,1,-0.219565243,2.737391472,1,0,0.159999996,111115,0.499624685,-5.33396E-05,295.9054531,294.5403255,0.002496489,-0.15188562,2.778255037,27.4915683,9.27562782,22.07288933,2.66532548,-0.005619086,1.840874549,0.824450931,-0.00351093,26.8264784,0.630997471,65.40266425,420.9416024,-0.000818383
e,30/10/2014,empty,empty,empty,empty,5,09:42:34,1283,0,-0.578065381,-0.005584739,250.3194594,-0.053031154,0.935855339,22.748106,6,1.420000017,1,2.840000033,21.3943634,22.748106,19.99964142,419.5409241,420.7426453,18.32295227,18.21873856,72.4147644,72.00289917,299.7589722,0.073052481,97.01209259,101.0587082,-2.317841053,0.022669226,1,-0.219565243,2.737391472,1,0,0.159999996,111115,0.499598287,-5.30312E-05,295.898106,294.5443634,0.011688397,-0.15043641,2.777017522,27.47925015,9.260511595,22.0712347,2.665056681,-0.005595743,1.841162183,0.823894497,-0.003496349,25.2969612,0.594946726,65.44401464,421.0174299,-0.000898559
e,30/10/2014,empty,empty,empty,empty,6,09:42:45,1293.5,0,-0.572689334,-0.005571224,251.4686798,-0.052873662,0.935338788,22.7471447,6,1.420000017,1,2.840000033,21.39440727,22.7471447,19.99744415,419.5675354,420.7583313,18.32623291,18.222332,72.42720795,72.01657867,299.7674255,0.003546139,96.58679199,101.0582428,-2.317841053,0.022669226,1,-0.219565243,2.737391472,1,0,0.159999996,111115,0.499612376,-5.28737E-05,295.8971447,294.5444073,0.000567382,-0.150518021,2.77685564,27.47777483,9.255442827,22.07077599,2.664982165,-0.005582174,1.841516852,0.823465313,-0.003487873,25.4129829,0.597655854,65.46120187,421.0305604,-0.000890409
e,30/10/2014,empty,empty,empty,empty,7,09:42:55,1303.5,0,-0.505423575,-0.005478568,268.2091714,-0.051977611,0.935066714,22.74685287,6,1.420000017,1,2.840000033,21.39343262,22.74685287,19.99592209,419.7381592,420.7937317,18.32672119,18.22456551,72.43334198,72.02959442,299.7210083,0.075888574,96.35456085,101.0580902,-2.317841053,0.022669226,1,-0.219565243,2.737391472,1,0,0.159999996,111115,0.499535014,-5.19776E-05,295.8968529,294.5434326,0.012142172,-0.150938932,2.776806499,27.47733005,9.252764544,22.07014275,2.664879302,-0.005489157,1.841739785,0.823139517,-0.00342977,27.10470664,0.637388704,65.47173468,421.0339859,-0.000785945
e,30/10/2014,empty,empty,empty,empty,8,09:43:05,1314,0,-0.545088214,-0.005472995,256.5457607,-0.052021553,0.936799182,22.75953674,6,1.420000017,1,2.840000033,21.39700127,22.75953674,19.99710655,419.64328,420.7782898,18.33081818,18.22857666,72.43365479,72.02964783,299.721344,0.078016907,94.68952179,101.0580215,-2.317841053,0.022669226,1,-0.219565243,2.737391472,1,0,0.159999996,111115,0.499535573,-5.20216E-05,295.9095367,294.5470013,0.012482705,-0.152125091,2.778943075,27.49849079,9.269914134,22.078269,2.66619959,-0.005483563,1.842143893,0.824055698,-0.003426276,25.92600701,0.609693435,65.43398037,421.0373986,-0.000847129
e,30/10/2014,empty,empty,empty,empty,9,09:43:16,1324.5,0,-0.462327173,-0.005327153,276.7676566,-0.050642789,0.936973639,22.76405334,6,1.420000017,1,2.840000033,21.4001236,22.76405334,19.99764061,419.7314758,420.699585,18.33402061,18.23449516,72.43199921,72.03881073,299.7384644,0.048937812,91.16772461,101.0573959,-2.317841053,0.022669226,1,-0.219565243,2.737391472,1,0,0.159999996,111115,0.499564107,-5.06428E-05,295.9140533,294.5501236,0.00783005,-0.153092675,2.779704236,27.506193,9.271697832,22.08208847,2.666820344,-0.005337164,1.842730597,0.824089747,-0.003334827,27.96941865,0.657874803,65.43854755,420.9193532,-0.00071876
e,30/10/2014,empty,empty,empty,empty,10,09:43:26,1334.5,0,-0.530794087,-0.005239039,253.7386432,-0.049774306,0.936418361,22.76319695,6,1.420000017,1,2.840000033,21.40236664,22.76319695,19.99720001,419.600647,420.7048645,18.33642006,18.23862076,72.4312973,72.04497528,299.7965698,0.067378171,103.6747894,101.0570679,-2.317841053,0.022669226,1,-0.219565243,2.737391472,1,0,0.159999996,111115,0.49966095,-4.97743E-05,295.9131969,294.5523666,0.010780507,-0.153105757,2.779559897,27.504854,9.26623324,22.08278179,2.666933039,-0.005248722,1.843141536,0.823791503,-0.00327958,25.64208329,0.603127429,65.45826043,420.9571786,-0.000825377
e,30/10/2014,empty,empty,empty,empty,11,09:43:36,1345,0,-0.555946699,-0.005278013,247.3711268,-0.050226452,0.937934289,22.77287674,6,1.420000017,1,2.840000033,21.40028381,22.77287674,19.99493408,419.5578308,420.7130432,18.33832169,18.23961067,72.44867706,72.05870056,299.7254639,0.071633525,90.00120544,101.0579376,-2.317841053,0.022669226,1,-0.219565243,2.737391472,1,0,0.159999996,111115,0.49954244,-5.02265E-05,295.9228767,294.5502838,0.011461364,-0.15441568,2.781191727,27.52076474,9.28115407,22.08658028,2.667550531,-0.00528784,1.843257438,0.824293093,-0.003304016,24.9988159,0.587980646,65.4218676,420.9773136,-0.000863967
f,30/10/2014,empty,empty,empty,empty,1,09:41:53,1241.5,0,-0.520079996,-0.005978277,276.4816845,-0.056655387,0.933906786,22.72241592,6,1.420000017,1,2.840000033,21.382864,22.72241592,19.99879074,419.6101685,420.6988831,18.30644035,18.19510078,72.40105438,71.96071625,299.7561646,0.067378126,100.4163361,101.0594788,-2.317841053,0.022669226,0.666666687,-0.219565243,2.737391472,1,0,0.159999996,111115,0.499593608,-5.66554E-05,295.8724159,294.532864,0.0107805,-0.14664988,2.772694188,27.43626052,9.24115974,22.05263996,2.662037534,-0.005990888,1.838787401,0.823250133,-0.00374317,27.94109492,0.657196146,65.4585762,420.9461042,-0.000465814
f,30/10/2014,empty,empty,empty,empty,2,09:42:03,1252,0,-0.520954464,-0.005924652,275.0414279,-0.056220046,0.935122069,22.73450661,6,1.420000017,1,2.840000033,21.38538742,22.73450661,19.9991169,419.6607056,420.7506409,18.31368446,18.20321846,72.41844177,71.98162079,299.8026123,-0.006383226,101.9610977,101.0593872,-2.317841053,0.022669226,1,-0.219565243,2.737391472,1,0,0.159999996,111115,0.499671021,-5.622E-05,295.8845066,294.5353874,-0.001021316,-0.148289446,2.774728172,27.456412,9.25319354,22.05994701,2.663223591,-0.005937037,1.839606103,0.823617488,-0.003709533,27.79551816,0.653692238,65.43913504,420.9982777,-0.000433767
f,30/10/2014,empty,empty,empty,empty,3,09:42:14,1262.5,0,-0.539727201,-0.005823562,267.5201194,-0.055238711,0.934773796,22.73459244,6,1.420000017,1,2.840000033,21.38623047,22.73459244,19.99742889,419.6344604,420.761322,18.31547928,18.20692444,72.42133331,71.99209595,299.7543945,0.157453373,100.5647659,101.0587387,-2.317841053,0.022669226,1,-0.219565243,2.737391472,1,0,0.159999996,111115,0.499590658,-5.52387E-05,295.8845924,294.5362305,0.025192539,-0.148393274,2.774742615,27.45673111,9.249806675,22.06041145,2.663298993,-0.005835528,1.83996882,0.823330173,-0.003646128,27.03524584,0.635800168,65.45334768,421.0178825,-0.000232552
f,30/10/2014,empty,empty,empty,empty,4,09:42:24,1272.5,0,-0.526723794,-0.00560799,265.455098,-0.053339556,0.937380488,22.75545311,6,1.420000017,1,2.840000033,21.39032555,22.75545311,19.99752045,419.5920715,420.6912231,18.320755,18.21594048,72.42380524,72.00946808,299.7748108,0.015603055,101.6055756,101.0584412,-2.317841053,0.022669226,1,-0.219565243,2.737391472,1,0,0.159999996,111115,0.499624685,-5.33396E-05,295.9054531,294.5403255,0.002496489,-0.15188562,2.778255037,27.4915683,9.27562782,22.07288933,2.66532548,-0.005619086,1.840874549,0.824450931,-0.00351093,26.8264784,0.630997471,65.40266425,420.9416024,-0.000272844
f,30/10/2014,empty,empty,empty,empty,5,09:42:34,1283,0,-0.578065381,-0.005584739,250.3194594,-0.053031154,0.935855339,22.748106,6,1.420000017,1,2.840000033,21.3943634,22.748106,19.99964142,419.5409241,420.7426453,18.32295227,18.21873856,72.4147644,72.00289917,299.7589722,0.073052481,97.01209259,101.0587082,-2.317841053,0.022669226,1,-0.219565243,2.737391472,1,0,0.159999996,111115,0.499598287,-5.30312E-05,295.898106,294.5443634,0.011688397,-0.15043641,2.777017522,27.47925015,9.260511595,22.0712347,2.665056681,-0.005595743,1.841162183,0.823894497,-0.003496349,25.2969612,0.594946726,65.44401464,421.0174299,-0.000289697
f,30/10/2014,empty,empty,empty,empty,6,09:42:45,1293.5,0,-0.572689334,-0.005571224,251.4686798,-0.052873662,0.935338788,22.7471447,6,1.420000017,1,2.840000033,21.39440727,22.7471447,19.99744415,419.5675354,420.7583313,18.32623291,18.222332,72.42720795,72.01657867,299.7674255,0.003546139,96.58679199,101.0582428,-2.317841053,0.022669226,1,-0.219565243,2.737391472,1,0,0.159999996,111115,0.499612376,-5.28737E-05,295.8971447,294.5444073,0.000567382,-0.150518021,2.77685564,27.47777483,9.255442827,22.07077599,2.664982165,-0.005582174,1.841516852,0.823465313,-0.003487873,25.4129829,0.597655854,65.46120187,421.0305604,-0.000211499
f,30/10/2014,empty,empty,empty,empty,7,09:42:55,1303.5,0,-0.505423575,-0.005478568,268.2091714,-0.051977611,0.935066714,22.74685287,6,1.420000017,1,2.840000033,21.39343262,22.74685287,19.99592209,419.7381592,420.7937317,18.32672119,18.22456551,72.43334198,72.02959442,299.7210083,0.075888574,96.35456085,101.0580902,-2.317841053,0.022669226,1,-0.219565243,2.737391472,1,0,0.159999996,111115,0.499535014,-5.19776E-05,295.8968529,294.5434326,0.012142172,-0.150938932,2.776806499,27.47733005,9.252764544,22.07014275,2.664879302,-0.005489157,1.841739785,0.823139517,-0.00342977,27.10470664,0.637388704,65.47173468,421.0339859,-0.000296501
f,30/10/2014,empty,empty,empty,empty,8,09:43:05,1314,0,-0.545088214,-0.005472995,256.5457607,-0.052021553,0.936799182,22.75953674,6,1.420000017,1,2.840000033,21.39700127,22.75953674,19.99710655,419.64328,420.7782898,18.33081818,18.22857666,72.43365479,72.02964783,299.721344,0.078016907,94.68952179,101.0580215,-2.317841053,0.022669226,1,-0.219565243,2.737391472,1,0,0.159999996,111115,0.499535573,-5.20216E-05,295.9095367,294.5470013,0.012482705,-0.152125091,2.778943075,27.49849079,9.269914134,22.078269,2.66619959,-0.005483563,1.842143893,0.824055698,-0.003426276,25.92600701,0.609693435,65.43398037,421.0373986,-0.000254729
f,30/10/2014,empty,empty,empty,empty,9,09:43:16,1324.5,0,-0.462327173,-0.005327153,276.7676566,-0.050642789,0.936973639,22.76405334,6,1.420000017,1,2.840000033,21.4001236,22.76405334,19.99764061,419.7314758,420.699585,18.33402061,18.23449516,72.43199921,72.03881073,299.7384644,0.048937812,91.16772461,101.0573959,-2.317841053,0.022669226,1,-0.219565243,2.737391472,1,0,0.159999996,111115,0.499564107,-5.06428E-05,295.9140533,294.5501236,0.00783005,-0.153092675,2.779704236,27.506193,9.271697832,22.08208847,2.666820344,-0.005337164,1.842730597,0.824089747,-0.003334827,27.96941865,0.657874803,65.43854755,420.9193532,-0.000206058
f,30/10/2014,empty,empty,empty,empty,10,09:43:26,1334.5,0,-0.530794087,-0.005239039,253.7386432,-0.049774306,0.936418361,22.76319695,6,1.420000017,1,2.840000033,21.40236664,22.76319695,19.99720001,419.600647,420.7048645,18.33642006,18.23862076,72.4312973,72.04497528,299.7965698,0.067378171,103.6747894,101.0570679,-2.317841053,0.022669226,1,-0.219565243,2.737391472,1,0,0.159999996,111115,0.49966095,-4.97743E-05,295.9131969,294.5523666,0.010780507,-0.153105757,2.779559897,27.504854,9.26623324,22.08278179,2.666933039,-0.005248722,1.843141536,0.823791503,-0.00327958,25.64208329,0.603127429,65.45826043,420.9571786,-0.000247742
f,30/10/2014,empty,empty,empty,empty,11,09:43:36,1345,0,-0.555946699,-0.005278013,247.3711268,-0.050226452,0.937934289,22.77287674,6,1.420000017,1,2.840000033,21.40028381,22.77287674,19.99493408,419.5578308,420.7130432,18.33832169,18.23961067,72.44867706,72.05870056,299.7254639,0.071633525,90.00120544,101.0579376,-2.317841053,0.022669226,1,-0.219565243,2.737391472,1,0,0.159999996,111115,0.49954244,-5.02265E-05,295.9228767,294.5502838,0.011461364,-0.15441568,2.781191727,27.52076474,9.28115407,22.08658028,2.667550531,-0.00528784,1.843257438,0.824293093,-0.003304016,24.9988159,0.587980646,65.4218676,420.9773136,-0.000293712
g,22/10/2014,empty,empty,empty,empty,1,10:34:34,301,0,-0.49933921,0.001552218,905.9026256,0.029691876,1.912911848,24.95461464,6,1.420000017,1,2.840000033,23.92764091,24.95461464,22.92476845,410.1428223,411.1150513,12.25689411,12.31542397,41.99197006,42.19249344,300.6282043,0.109230548,168.1793365,102.1623154,-1.930306196,0.064057447,0.666666687,-0.219565243,2.737391472,1,0,0.159999996,111115,0.501047007,2.96919E-05,298.1046146,297.0776409,0.017476887,-0.153489956,3.171084076,31.0396653,18.72424134,24.44112778,3.075262276,0.00155137,1.258172227,1.817090049,0.000969682,92.54910973,2.203525808,38.37344693,411.3524132,0.013958588
g,22/10/2014,empty,empty,empty,empty,2,10:34:45,311.5,0,-0.466402057,0.001371961,934.3831399,0.026293984,1.916509801,24.9483757,6,1.420000017,1,2.840000033,23.91731262,24.9483757,22.92493248,409.9586487,410.8678894,12.21679783,12.26862907,41.88069153,42.05837631,300.6455994,0.178030521,184.224472,102.1625595,-1.930306196,0.064057447,0.666666687,-0.219565243,2.737391472,1,0,0.159999996,111115,0.501075999,2.6294E-05,298.0983757,297.0673126,0.028484883,-0.152124124,3.169904349,31.02804358,18.75941451,24.43284416,3.07373745,0.001371299,1.253394548,1.820342902,0.000857121,95.45897314,2.274169299,38.23248227,411.0895946,0.013972124
g,22/10/2014,empty,empty,empty,empty,3,10:34:55,322,0,-0.250356504,0.001354248,689.7471817,0.025943246,1.915714791,24.92143822,6,1.420000017,1,2.840000033,23.90721512,24.92143822,22.92358971,410.2319946,410.7104187,12.17570496,12.22685242,41.76428986,41.9397316,300.6136475,0.257470578,403.3856812,102.1604156,-1.930306196,0.064057447,1,-0.219565243,2.737391472,1,0,0.159999996,111115,0.501022746,2.59432E-05,298.0714382,297.0572151,0.041195292,-0.149504553,3.164815116,30.97887862,18.75202621,24.41432667,3.070331188,0.001353603,1.249100325,1.821230863,0.00084606,70.46485877,1.679400254,38.16130827,410.8294262,0.01346956
g,22/10/2014,empty,empty,empty,empty,4,10:35:05,332,0,-0.294170521,0.00135317,741.0350545,0.025906171,1.914608542,24.89620018,6,1.420000017,1,2.840000033,23.90192604,24.89620018,22.9254818,410.1446838,410.7105103,12.13983345,12.19090271,41.65505981,41.83029175,300.6546631,0.346133918,886.899231,102.1618271,-1.930306196,0.064057447,1,-0.219565243,2.737391472,1,0,0.159999996,111115,0.501091105,2.59062E-05,298.0462002,297.051926,0.055381426,-0.146617931,3.160053437,30.93184144,18.74093873,24.39906311,3.067525963,0.001352526,1.245444895,1.822081069,0.000845386,75.7054951,1.804275849,38.10649214,410.8503448,0.012766727
g,22/10/2014,empty,empty,empty,empty,5,10:35:16,342.5,0,-0.313628643,0.001372216,758.6420946,0.026355107,1.920780822,24.90948105,6,1.420000017,1,2.840000033,23.90202904,24.90948105,22.92488098,410.171814,410.776123,12.10302448,12.15498257,41.5285759,41.70685959,300.6434326,0.332654148,814.7190552,102.1620178,-1.930306196,0.064057447,1,-0.219565243,2.737391472,1,0,0.159999996,111115,0.501072388,2.63551E-05,298.059481,297.052029,0.053224663,-0.148657059,3.162558367,30.95630289,18.80132032,24.40575504,3.068755569,0.001371553,1.241777546,1.826978024,0.00085728,77.50440719,1.846850516,37.95692148,410.9252071,0.011900677
g,22/10/2014,empty,empty,empty,empty,6,10:35:26,353,0,-0.229281958,0.001402041,656.1384766,0.026912706,1.919791184,24.88475037,6,1.420000017,1,2.840000033,23.90517807,24.88475037,22.92729759,410.3278503,410.7634277,12.0659771,12.11904335,41.3935585,41.5756073,300.6040344,0.386557817,1174.904175,102.1618652,-1.930306196,0.064057447,1,-0.219565243,2.737391472,1,0,0.159999996,111115,0.501006724,2.69127E-05,298.0347504,297.0551781,0.061849249,-0.145086536,3.157895257,30.91070479,18.79166144,24.39496422,3.066773027,0.001401349,1.238104074,1.828668954,0.000875905,67.03233063,1.597363427,37.90055832,410.8724174,0.012082436
g,22/10/2014,empty,empty,empty,empty,7,10:35:36,363,0,-0.323121551,0.001415358,758.3340365,0.027295135,1.928740331,24.91511536,6,1.420000017,1,2.840000033,23.90885162,24.91511536,22.92750168,410.3284302,410.9509583,12.03365135,12.08747101,41.27363586,41.45823288,300.6173706,0.436922282,1195.652588,102.1620865,-1.930306196,0.064057447,1,-0.219565243,2.737391472,1,0,0.159999996,111115,0.501028951,2.72951E-05,298.0651154,297.0588516,0.069907564,-0.148798093,3.163621589,30.96668929,18.87921828,24.41198349,3.069900399,0.001414653,1.234881259,1.835019141,0.000884222,77.47298742,1.845315168,37.72352291,411.1045548,0.012219173
g,22/10/2014,empty,empty,empty,empty,8,10:35:47,373.5,0,-0.278060546,0.001465547,697.5893326,0.028260921,1.928664431,24.89731979,6,1.420000017,1,2.840000033,23.91707039,24.89731979,22.92936325,410.4623108,410.9941101,11.99981785,12.0555439,41.13661575,41.32765198,300.6158142,0.382309079,1191.778198,102.1604767,-1.930306196,0.064057447,1,-0.219565243,2.737391472,1,0,0.159999996,111115,0.501026357,2.82609E-05,298.0473198,297.0670704,0.061169451,-0.145903924,3.160264542,30.93431672,18.87877282,24.40719509,3.069020227,0.001464791,1.231600111,1.837420115,0.000915562,71.26605874,1.69732197,37.66297125,411.1262868,0.012190828
g,22/10/2014,empty,empty,empty,empty,9,10:35:57,384,0,-0.22589514,0.00153488,630.4191258,0.029723262,1.936870268,24.92391014,6,1.420000017,1,2.840000033,23.92115974,24.92391014,22.92864037,410.5454407,410.9718933,11.96567535,12.02428246,41.00966263,41.21052551,300.6379089,0.448983908,1174.102417,102.1609039,-1.930306196,0.064057447,1,-0.219565243,2.737391472,1,0,0.159999996,111115,0.501063182,2.97233E-05,298.0739101,297.0711597,0.071837424,-0.149583902,3.165281833,30.98329901,18.95901655,24.42253494,3.071840679,0.001534051,1.228411565,1.843429114,0.000958856,64.40418774,1.533971388,37.49793754,411.079273,0.012450698
g,22/10/2014,empty,empty,empty,empty,10,10:36:07,394,0,-0.272345216,0.001567488,672.4186844,0.03039359,1.939363779,24.92107582,6,1.420000017,1,2.840000033,23.92673302,24.92107582,22.92824936,410.5901794,411.1087952,11.93497086,11.99490356,40.8898201,41.09515381,300.6273804,0.324141532,1169.129883,102.1586304,-1.930306196,0.064057447,1,-0.219565243,2.737391472,1,0,0.159999996,111115,0.501045634,3.03936E-05,298.0710758,297.076733,0.051862644,-0.149042129,3.164746699,30.97875027,18.98384671,24.42390442,3.072092587,0.001566623,1.22538292,1.846709667,0.000979217,68.69337183,1.63562223,37.40869406,411.238255,0.012278189
g,22/10/2014,empty,empty,empty,empty,11,10:36:18,404.5,0,-0.324181452,0.001574692,723.054337,0.030631408,1.945578964,24.93646049,6,1.420000017,1,2.840000033,23.9332428,24.93646049,22.92746353,410.5433655,411.1651917,11.90226936,11.96266842,40.76128769,40.96813583,300.6501465,0.303568423,1153.054565,102.1572571,-1.930306196,0.064057447,1,-0.219565243,2.737391472,1,0,0.159999996,111115,0.501083577,3.06314E-05,298.0864605,297.0832428,0.048570947,-0.150411146,3.167652357,31.00760971,19.04494129,24.43485165,3.074106922,0.001573819,1.222073393,1.852033529,0.000983715,73.86524779,1.758549487,37.26596997,411.319292,0.012247432
h,28/10/2014,empty,empty,empty,empty,1,09:30:32,352,0,-0.292055752,-0.007810264,363.8638505,-0.088258777,1.110741968,22.74884987,6,1.420000017,1,2.840000033,21.22557068,22.74884987,20.00066566,430.0591431,430.7194519,16.70778084,16.53413773,66.53786469,65.84634399,299.9237671,0.16416727,0.397487819,100.7854691,-1.416322708,0.10999272,1,-0.219565243,2.737391472,1,0,0.159999996,111115,0.499872945,-8.82588E-05,295.8988499,294.3755707,0.026266763,-0.153968694,2.777142794,27.554992,11.02085428,21.98721027,2.65143779,-0.007831802,1.666400826,0.985036964,-0.004892937,36.67218884,0.84478156,58.98979866,430.8582812,-0.00039986
h,28/10/2014,empty,empty,empty,empty,2,09:30:43,362.5,0,-0.214490388,-0.007665443,378.3715188,-0.086740776,1.112292648,22.76364136,6,1.420000017,1,2.840000033,21.22264671,22.76364136,19.99751854,429.8388367,430.3424988,16.71419525,16.54357529,66.57496643,65.89535522,299.985199,0.119717926,0.344144106,100.784874,-1.416322708,0.10999272,0.666666687,-0.219565243,2.737391472,1,0,0.159999996,111115,0.499975332,-8.67408E-05,295.9136414,294.3726467,0.019154868,-0.157190016,2.779634798,27.57988068,11.03630539,21.99314404,2.652397546,-0.007686189,1.66734215,0.985055396,-0.004802,38.13412583,0.879233447,58.97074107,430.4444572,-0.000293851
h,28/10/2014,empty,empty,empty,empty,3,09:30:53,373,0,0.118595249,-0.007753497,446.884462,-0.087579599,1.110247433,22.75564766,6,1.420000017,1,2.840000033,21.21746635,22.75564766,19.99532509,430.5391235,430.3772888,16.72303581,16.55074501,66.63037872,65.94390869,299.9466858,0.230122641,0.270496935,100.7834015,-1.416322708,0.10999272,1,-0.219565243,2.737391472,1,0,0.159999996,111115,0.499911143,-8.75796E-05,295.9056477,294.3674664,0.036819622,-0.156158266,2.778287813,27.56691848,11.01617347,21.98655701,2.651332146,-0.007774723,1.668040379,0.983291767,-0.00485729,45.03853615,1.038355121,59.02517515,430.3209143,0.000162672
h,28/10/2014,empty,empty,empty,empty,4,09:31:03,383,0,-0.114500545,-0.007824833,399.7659749,-0.088031307,1.10577934,22.73373795,6,1.420000017,1,2.840000033,21.21173859,22.73373795,19.99469185,430.274292,430.5791321,16.73177147,16.5586071,66.68807983,65.99790192,299.9703674,0.219362393,0.134609267,100.7826004,-1.416322708,0.10999272,0.666666687,-0.219565243,2.737391472,1,0,0.159999996,111115,0.499950612,-8.80313E-05,295.8837379,294.3617386,0.035097982,-0.153788122,2.774598823,27.53053416,10.97192706,21.97273827,2.649098291,-0.007846452,1.668819483,0.980278808,-0.004902085,40.2894545,0.928437876,59.13538222,430.6335602,-0.000157234
h,28/10/2014,empty,empty,empty,empty,5,09:31:14,393.5,0,-0.096631832,-0.007771438,403.2925276,-0.087133176,1.102044423,22.71640778,6,1.420000017,1,2.840000033,21.21037102,22.71640778,19.99892426,430.3344727,430.6028442,16.73825073,16.56682777,66.71916199,66.03586578,299.9236145,0.182803825,0.140960187,100.7820892,-1.416322708,0.10999272,1,-0.219565243,2.737391472,1,0,0.159999996,111115,0.499872691,-8.71332E-05,295.8664078,294.360371,0.029248611,-0.152211852,2.771683938,27.50175114,10.93492337,21.9633894,2.647587943,-0.007792762,1.669639515,0.977948427,-0.004868556,40.6446635,0.936576553,59.23177436,430.6487784,-0.000132908
h,28/10/2014,empty,empty,empty,empty,6,09:31:24,404,0,-0.070765093,-0.007742753,408.5974395,-0.086369208,1.096483091,22.68977356,6,1.420000017,1,2.840000033,21.20799637,22.68977356,20.00039864,430.4425354,430.6584778,16.7471447,16.57725334,66.76578522,66.08847809,299.9709167,0.148394346,0.36446619,100.7842636,-1.416322708,0.10999272,1,-0.219565243,2.737391472,1,0,0.159999996,111115,0.499951528,-8.63692E-05,295.8397736,294.3579964,0.023743095,-0.149461182,2.767209362,27.45676024,10.8795069,21.94888496,2.645246184,-0.00776392,1.670726271,0.974519913,-0.004850544,41.18019206,0.948773705,59.37304611,430.6921161,-9.75532E-05
h,28/10/2014,empty,empty,empty,empty,7,09:31:34,414,0,-0.000104122,-0.007720756,423.2545106,-0.086395159,1.09991583,22.71403122,6,1.420000017,1,2.840000033,21.20523643,22.71403122,19.99963951,430.8299866,430.9046631,16.75363541,16.58368301,66.80274963,66.12508392,299.9513245,0.148394898,0.298431605,100.7839203,-1.416322708,0.10999272,0.666666687,-0.219565243,2.737391472,1,0,0.159999996,111115,0.499918874,-8.63952E-05,295.8640312,294.3552364,0.023743183,-0.153019974,2.771284417,27.49728736,10.91360434,21.95963383,2.646981427,-0.007741802,1.671368587,0.97561284,-0.004836731,42.65724886,0.982246299,59.3051224,430.9047126,-1.43302E-07
h,28/10/2014,empty,empty,empty,empty,8,09:31:45,424.5,0,-0.015567302,-0.007626925,420.2238477,-0.085400148,1.100648763,22.72324944,6,1.420000017,1,2.840000033,21.20245552,22.72324944,19.99911308,430.9856262,431.0904236,16.75978661,16.59176826,66.83876038,66.16869354,299.9072876,0.230836019,0.317479759,100.78405,-1.416322708,0.10999272,0.666666687,-0.219565243,2.737391472,1,0,0.159999996,111115,0.499845479,-8.54001E-05,295.8732494,294.3524555,0.036933762,-0.154968593,2.772834365,27.51263087,10.92086261,21.96285248,2.647501224,-0.007647462,1.672185602,0.975315622,-0.004777815,42.35186128,0.974792816,59.30162862,431.0978235,-2.14143E-05
h,28/10/2014,empty,empty,empty,empty,9,09:31:55,435,0,-0.106924483,-0.007546923,401.2714255,-0.084179292,1.096449511,22.70512772,6,1.420000017,1,2.840000033,21.20024872,22.70512772,20.00093079,431.0144653,431.3009644,16.7688961,16.60331154,66.88373566,66.22328949,299.9614258,0.215061769,0.355572641,100.7834244,-1.416322708,0.10999272,0.666666687,-0.219565243,2.737391472,1,0,0.159999996,111115,0.49993571,-8.41793E-05,295.8551277,294.3502487,0.034409882,-0.153526966,2.769788104,27.48257584,10.8792643,21.95268822,2.645860048,-0.007567031,1.673338593,0.972521455,-0.004727584,40.44150837,0.930374515,59.41384366,431.3517911,-0.000147276
h,28/10/2014,empty,empty,empty,empty,10,09:32:05,445,0,-0.080409459,-0.007686207,407.1808426,-0.085453305,1.092826354,22.68624496,6,1.420000017,1,2.840000033,21.19901848,22.68624496,20.00123787,431.0864563,431.3210144,16.77601433,16.60792923,66.91664886,66.2461853,299.9698486,0.159863248,0.247631982,100.7826233,-1.416322708,0.10999272,1,-0.219565243,2.737391472,1,0,0.159999996,111115,0.499949748,-8.54533E-05,295.836245,294.3490185,0.025578119,-0.150624826,2.766617029,27.45132979,10.84340056,21.94263172,2.644237149,-0.007707066,1.673790675,0.970446474,-0.004815038,41.03675347,0.944032006,59.50015236,431.3592372,-0.000110914
h,28/10/2014,empty,empty,empty,empty,11,09:32:16,455.5,0,-0.124057949,-0.007580466,397.9306307,-0.084093249,1.090460724,22.6784668,6,1.420000017,1,2.840000033,21.19927788,22.6784668,20.00037193,431.0780945,431.3988037,16.78409767,16.61868668,66.9468689,66.28708649,299.9645691,0.274565876,0.283192039,100.781189,-1.416322708,0.10999272,1,-0.219565243,2.737391472,1,0,0.159999996,111115,0.499940948,-8.40932E-05,295.8284668,294.3492779,0.043930539,-0.150055917,2.765311726,27.43876863,10.82008195,21.93887234,2.643630691,-0.007600754,1.674851002,0.968779688,-0.004748644,40.10392209,0.922419412,59.57029298,431.4577749,-0.000171284
hot,23/10/2014,empty,empty,empty,empty,1,10:14:19,817,0,-0.340746349,-0.000890862,-193.6766334,-0.014117483,1.573206018,23.18240738,6,1.420000017,1,2.840000033,21.93087006,23.18240738,20.97914505,420.3322754,421.0256958,12.63313007,12.6052494,48.46550369,48.3585434,299.982666,0.162739575,0.191766456,101.3702469,2.326587677,0.308569908,1,-0.219565243,2.737391472,1,0,0.159999996,111115,0.49997111,-1.41175E-05,296.3324074,295.0808701,0.026038331,-0.157914498,2.851003262,28.1246554,15.519406,22.55663872,2.7449372,-0.000891141,1.277797244,1.467139956,-0.000556938,-19.63304815,-0.460011432,43.65442398,421.1876703,-0.000142163
hot,23/10/2014,empty,empty,empty,empty,2,10:14:29,827,0,-0.090313676,-0.000934889,257.3379319,-0.01477073,1.568513955,23.16018677,6,1.420000017,1,2.840000033,21.93292046,23.16018677,20.97967529,420.2313843,420.424408,12.64271927,12.613554,48.49710846,48.38523102,300.0367126,0.193574876,0.170183852,101.3721008,2.326587677,0.308569908,0.666666687,-0.219565243,2.737391472,1,0,0.159999996,111115,0.500061188,-1.47707E-05,296.3101868,295.0829205,0.030971979,-0.154289931,2.847176423,28.08639063,15.47283663,22.54655361,2.743256469,-0.000935197,1.278662468,1.464594001,-0.00058447,26.08688678,0.612090847,43.74695441,420.4673388,-0.000194795
hot,23/10/2014,empty,empty,empty,empty,3,10:14:40,837.5,0,-0.017478352,-0.000886734,378.6369696,-0.013993734,1.566691846,23.15536499,6,1.420000017,1,2.840000033,21.93400574,23.15536499,20.97982597,420.2025146,420.2492371,12.65126514,12.62362862,48.52558136,48.41957474,299.9743347,0.210060135,0.128270194,101.3698044,2.326587677,0.308569908,0.666666687,-0.219565243,2.737391472,1,0,0.159999996,111115,0.499957225,-1.39937E-05,296.305365,295.0840057,0.033609621,-0.153881862,2.846346609,28.0788409,15.45521228,22.54468536,2.742945216,-0.000887011,1.279654763,1.463290452,-0.000554357,38.38235554,0.900981932,43.79680248,420.2575454,-0.000228045
hot,23/10/2014,empty,empty,empty,empty,4,10:14:50,848,0,0.099655725,-0.000877415,589.0920662,-0.013808745,1.56241212,23.13434982,6,1.420000017,1,2.840000033,21.93310738,23.13434982,20.97709465,420.3048401,420.1171265,12.65759659,12.63032722,48.5520134,48.4474144,299.9924011,0.203604236,0.360674292,101.3687363,2.326587677,0.308569908,1,-0.219565243,2.737391472,1,0,0.159999996,111115,0.499987335,-1.38087E-05,296.2843498,295.0831074,0.032576677,-0.151315757,2.84273243,28.04348297,15.41315575,22.5337286,2.741120421,-0.000877686,1.280320309,1.460800112,-0.00054853,59.7155183,1.40220912,43.88007745,420.0697549,-0.000298322
hot,23/10/2014,empty,empty,empty,empty,5,10:15:00,858,0,0.075920861,-0.000881087,545.9424031,-0.013893742,1.565431841,23.15597343,6,1.420000017,1,2.840000033,21.93482971,23.15597343,20.9759903,420.4375,420.2973328,12.66473961,12.6373024,48.57400894,48.46878052,299.9903259,0.152701691,0.234943986,101.3681107,2.326587677,0.308569908,1,-0.219565243,2.737391472,1,0,0.159999996,111115,0.499983877,-1.38937E-05,296.3059734,295.0848297,0.02443227,-0.15401576,2.846451309,28.08034293,15.44304053,22.54540157,2.743064534,-0.00088136,1.281019468,1.462045066,-0.000550826,55.34114993,1.298943297,43.84374602,420.2612436,-0.000373047
hot,23/10/2014,empty,empty,empty,empty,6,10:15:11,868.5,0,0.06720965,-0.000853555,534.2564415,-0.013467206,1.566329093,23.16627884,6,1.420000017,1,2.840000033,21.93663979,23.16627884,20.97566223,420.4728088,420.3497009,12.67239857,12.6458025,48.59858322,48.49658966,299.9744568,0.149835899,0.067309111,101.3692932,2.326587677,0.308569908,1,-0.219565243,2.737391472,1,0,0.159999996,111115,0.499957428,-1.34672E-05,296.3162788,295.0866398,0.023973743,-0.155376571,2.848225154,28.09751418,15.45171169,22.55145931,2.744073915,-0.000853812,1.281896061,1.462177854,-0.000533609,54.15719787,1.270980901,43.84636154,420.3177527,-0.000203998
hot,23/10/2014,empty,empty,empty,empty,7,10:15:21,879,0,0.052901563,-0.000950779,497.8330339,-0.014966993,1.562706541,23.1484108,6,1.420000017,1,2.840000033,21.93548012,23.1484108,20.97465897,420.4877319,420.3945007,12.68092251,12.65136337,48.63410187,48.52073669,299.9608765,0.18424809,0.067309156,101.3680191,2.326587677,0.308569908,1,-0.219565243,2.737391472,1,0,0.159999996,111115,0.499934794,-1.4967E-05,296.2984108,295.0854801,0.029479694,-0.152302841,2.845150185,28.06753264,15.41616927,22.54194546,2.742488798,-0.000951097,1.282443644,1.460045154,-0.000594407,50.46434849,1.184204439,43.91446106,420.3693539,-0.000207977
hot,23/10/2014,empty,empty,empty,empty,8,10:15:31,889,0,0.013674986,-0.000879297,434.6024272,-0.013870762,1.565962792,23.17354202,6,1.420000017,1,2.840000033,21.93881798,23.17354202,20.97820854,420.5298157,420.5141296,12.68944073,12.66204739,48.65634918,48.55131531,299.9662476,0.109688424,0.194307312,101.366951,2.326587677,0.308569908,1,-0.219565243,2.737391472,1,0,0.159999996,111115,0.499943746,-1.38708E-05,296.323542,295.088818,0.017550147,-0.155920684,2.849475929,28.1105025,15.44845511,22.55618,2.744860733,-0.000879569,1.283513137,1.461347596,-0.000549706,44.05432293,1.033502554,43.88279032,420.5076292,-0.00026794
hot,23/10/2014,empty,empty,empty,empty,9,10:15:42,899.5,0,0.076089588,-0.000882541,546.1522281,-0.013971195,1.571443517,23.2091732,6,1.420000017,1,2.840000033,21.94183159,23.2091732,20.97696495,420.6217346,420.4812927,12.69620228,12.66861153,48.67320633,48.56742859,299.9744263,0.141949907,0.266696662,101.3666992,2.326587677,0.308569908,1,-0.219565243,2.737391472,1,0,0.159999996,111115,0.499957377,-1.39712E-05,296.3591732,295.0918316,0.022711985,-0.160148361,2.855618851,28.1711733,15.50256178,22.5755024,2.74808334,-0.000882816,1.284175334,1.463908006,-0.000551735,55.36164863,1.298874023,43.80553281,420.4451234,-0.000191757
hot,23/10/2014,empty,empty,empty,empty,10,10:15:52,910,0,0.019266316,-0.000772334,449.4082827,-0.012216518,1.570210521,23.2068367,6,1.420000017,1,2.840000033,21.94374466,23.2068367,20.97597694,420.5384216,420.5101624,12.70093632,12.67681217,48.68561554,48.59314346,299.9895325,0.207907334,0.078739353,101.3665848,2.326587677,0.308569908,1,-0.219565243,2.737391472,1,0,0.159999996,111115,0.499982554,-1.22165E-05,296.3568367,295.0937447,0.033265173,-0.160379705,2.855215676,28.16722772,15.49041555,22.57529068,2.748048012,-0.000772544,1.285005156,1.463042856,-0.000482821,45.55498279,1.068721574,43.84375356,420.5010041,-0.000157929
hot,23/10/2014,empty,empty,empty,empty,11,10:16:02,920,0,0.067222975,-0.000856252,533.9864189,-0.0135328,1.568870545,23.20390892,6,1.420000017,1,2.840000033,21.94596863,23.20390892,20.9763813,420.5932312,420.4701538,12.71181011,12.6850853,48.72054291,48.61811447,299.9714355,0.165609285,0.242568523,101.3662872,2.326587677,0.308569908,1,-0.219565243,2.737391472,1,0,0.159999996,111115,0.499952393,-1.35328E-05,296.3539089,295.0959686,0.026497485,-0.159088887,2.854710544,28.16232716,15.47724187,22.57493877,2.747989292,-0.00085651,1.28584,1.462149292,-0.000535295,54.12822071,1.269974608,43.87999231,420.4381992,-0.000285563
i,29/10/2014,empty,empty,empty,empty,1,09:57:31,382.5,0,-0.10161946,-0.005402817,383.1634346,-0.060464272,1.107083417,22.60605621,6,1.420000017,1,2.840000033,21.16959381,22.60605621,20.00534058,420.1366272,420.390686,16.36677361,16.24781799,65.74591827,65.26807404,300.0204468,0.164879322,0.271756828,101.3122177,0.917213619,0.104026213,1,-0.219565243,2.737391472,1,0,0.159999996,111115,0.500034078,-6.04643E-05,295.7560562,294.3195938,0.026380691,-0.156943042,2.753185891,27.17526033,10.92744234,21.88782501,2.635407848,-0.005413115,1.646102474,0.989305374,-0.00338227,38.8191373,0.91144606,58.81824333,420.4389911,-0.000142163
i,29/10/2014,empty,empty,empty,empty,2,09:57:41,392.5,0,-0.139417945,-0.005298415,371.2067408,-0.059528186,1.111419111,22.63903236,6,1.420000017,1,2.840000033,21.1735611,22.63903236,20.00654602,420.01474,420.3436584,16.37667465,16.25954056,65.76940155,65.29898071,299.9653625,0.120429248,0.355556875,101.3117905,0.917213619,0.104026213,1,-0.219565243,2.737391472,1,0,0.159999996,111115,0.499942271,-5.95282E-05,295.7890324,294.3235611,0.019268679,-0.161363085,2.758702277,27.22982453,10.97028397,21.90629673,2.638380734,-0.005308319,1.647283166,0.991097568,-0.003316808,37.60761954,0.883102988,58.73975493,420.4099311,-0.000194795
i,29/10/2014,empty,empty,empty,empty,3,09:57:52,403,0,-0.163126451,-0.005227652,363.4908307,-0.058694691,1.110702673,22.64299774,6,1.420000017,1,2.840000033,21.17640114,22.64299774,20.00577354,419.9934692,420.3690796,16.38871956,16.27323723,65.80601501,65.34231567,299.9915466,0.122583292,0.318740517,101.311348,0.917213619,0.104026213,1,-0.219565243,2.737391472,1,0,0.159999996,111115,0.499985911,-5.86947E-05,295.7929977,294.3264011,0.019613326,-0.161949707,2.759366272,27.23649747,10.96326024,21.90969944,2.638928695,-0.005237292,1.648663599,0.990265096,-0.00327244,36.82574603,0.864694499,58.77687398,420.4466221,-0.000228045
i,29/10/2014,empty,empty,empty,empty,4,09:58:02,413.5,0,-0.213066386,-0.005356716,349.935301,-0.05994738,1.1070363,22.62641907,6,1.420000017,1,2.840000033,21.17766571,22.62641907,20.00351143,419.8821106,420.3586121,16.39995956,16.28202438,65.84607697,65.37256622,300.0189514,0.108244337,0.227305338,101.311409,0.917213619,0.104026213,1,-0.219565243,2.737391472,1,0,0.159999996,111115,0.500031586,-5.99474E-05,295.7764191,294.3276657,0.017319094,-0.158961617,2.756591132,27.20908888,10.92706449,21.90204239,2.637695769,-0.005366839,1.649554832,0.988140938,-0.003353363,35.4524384,0.832468495,58.87010474,420.4598936,-0.000298322
i,29/10/2014,empty,empty,empty,empty,5,09:58:12,423.5,0,-0.266102192,-0.005350987,334.1287348,-0.059760825,1.104812435,22.62088394,6,1.420000017,1,2.840000033,21.17530441,22.62088394,20.00215912,419.7147522,420.2972412,16.41184998,16.29426575,65.90567017,65.43347931,299.9742432,0.09247458,0.397470921,101.314949,0.917213619,0.104026213,1,-0.219565243,2.737391472,1,0,0.159999996,111115,0.499957072,-5.97608E-05,295.7708839,294.3253044,0.014795932,-0.1586654,2.755665139,27.19899842,10.90473267,21.89809418,2.637060232,-0.005361088,1.650852704,0.986207528,-0.003349771,33.85223574,0.794981984,58.93897298,420.4237334,-0.000373047
i,29/10/2014,empty,empty,empty,empty,6,09:58:23,434,0,-0.145518142,-0.005171111,368.2544637,-0.057830127,1.106344529,22.63692665,6,1.420000017,1,2.840000033,21.1764698,22.63692665,20.00857353,419.9130249,420.2527161,16.41961098,16.30582047,65.93139648,65.47447968,299.9573059,0.285314143,0.231121302,101.3138351,0.917213619,0.104026213,1,-0.219565243,2.737391472,1,0,0.159999996,111115,0.499928843,-5.78301E-05,295.7869267,294.3264698,0.045650262,-0.161281094,2.758349736,27.22579529,10.91997482,21.90669823,2.638445385,-0.005180544,1.652005206,0.986440178,-0.003236991,37.30927203,0.876269087,58.92385163,420.3218884,-0.000203998
i,29/10/2014,empty,empty,empty,empty,7,09:58:33,444.5,0,-0.148566961,-0.005170289,367.4057669,-0.058018356,1.110058466,22.66582489,6,1.420000017,1,2.840000033,21.18319893,22.66582489,20.00725174,420.0247498,420.370697,16.43154335,16.31738853,65.95029449,65.49211884,299.9697266,0.135485008,0.361911744,101.3111191,0.917213619,0.104026213,1,-0.219565243,2.737391472,1,0,0.159999996,111115,0.499949544,-5.80184E-05,295.8158249,294.3331989,0.021677601,-0.164412846,2.763191359,27.27431484,10.95692631,21.92451191,2.641315207,-0.005179719,1.653132893,0.988182314,-0.003236476,37.2222894,0.874004229,58.85692425,420.4413186,-0.000207977
i,29/10/2014,empty,empty,empty,empty,8,09:58:43,454.5,0,-0.191284436,-0.005340886,356.1739371,-0.05988604,1.109159142,22.66740417,6,1.420000017,1,2.840000033,21.18453789,22.66740417,20.01019859,419.9071045,420.3401184,16.44614983,16.3283062,66.0058136,65.53285217,299.9306946,0.210036829,0.458419859,101.3146744,0.917213619,0.104026213,1,-0.219565243,2.737391472,1,0,0.159999996,111115,0.499884491,-5.9886E-05,295.8174042,294.3345379,0.033605892,-0.163326383,2.763456167,27.27597146,10.94766527,21.92597103,2.641550395,-0.005350949,1.654297026,0.98725337,-0.003343437,36.08564645,0.847346997,58.89145799,420.4310459,-0.00026794
i,29/10/2014,empty,empty,empty,empty,9,09:58:54,465,0,-0.136437223,-0.005421998,373.0217291,-0.060381178,1.101570637,22.62881088,6,1.420000017,1,2.840000033,21.18509293,22.62881088,20.00871468,419.9501038,420.2737122,16.4585743,16.33979225,66.05184174,65.57514191,300.0178833,0.259507447,0.23620148,101.3122253,0.917213619,0.104026213,1,-0.219565243,2.737391472,1,0,0.159999996,111115,0.500029806,-6.03812E-05,295.7788109,294.3350929,0.041521191,-0.157793144,2.756991352,27.21282,10.87302775,21.9069519,2.638486234,-0.005432369,1.655420715,0.983065519,-0.003394297,37.79166147,0.887568549,59.07688377,420.3385679,-0.000191757
i,29/10/2014,empty,empty,empty,empty,10,09:59:04,475.5,0,-0.11262239,-0.00545677,380.1732941,-0.061133859,1.108129677,22.67510414,6,1.420000017,1,2.840000033,21.18776703,22.67510414,20.0070591,420.0273438,420.3039856,16.47190666,16.35163498,66.09439087,65.61179352,299.9919128,0.114697635,0.274294168,101.3120651,0.917213619,0.104026213,1,-0.219565243,2.737391472,1,0,0.159999996,111115,0.499986521,-6.11339E-05,295.8251041,294.337767,0.018351621,-0.163451131,2.764747585,27.28942088,10.9377859,21.93143559,2.642431363,-0.005467275,1.656617908,0.985813455,-0.003416102,38.51614153,0.904519841,58.9463468,420.3575209,-0.000157929
i,29/10/2014,empty,empty,empty,empty,11,09:59:14,485.5,0,-0.203197821,-0.005252995,351.5702151,-0.058608492,1.103655391,22.65764618,6,1.420000017,1,2.840000033,21.19054413,22.65764618,20.00566864,419.7862549,420.2419128,16.48215866,16.36685944,66.12444305,65.66187286,299.9981384,0.202150643,0.200637206,101.3123474,0.917213619,0.104026213,1,-0.219565243,2.737391472,1,0,0.159999996,111115,0.499996897,-5.86085E-05,295.8076462,294.3405441,0.032344102,-0.161935142,2.76182034,27.26045157,10.89359214,21.92409515,2.641248035,-0.005262729,1.658164949,0.983083086,-0.00328833,35.61840378,0.836590079,59.07200173,420.3385034,-0.000285563
j,27/10/2014,empty,empty,empty,empty,12,09:54:17,395,0,-0.095759505,-0.000221632,-292.3500989,-0.004615705,2.038551423,26.20831299,6,1.420000017,1,2.840000033,23.7565136,26.20831299,22.14515114,400.5177002,400.7129822,13.74458981,13.73548222,46.70378113,46.67283249,299.901947,0.244479373,0.138433978,100.2894974,3.564785004,0.317900956,1,-0.219565243,2.737391472,1,0,0.159999996,111115,0.499836578,-4.61571E-06,299.358313,296.9065136,0.039116699,-0.328269647,3.416076031,34.06215127,20.32666906,24.98241329,3.176345214,-0.000221649,1.377524608,1.798820606,-0.000138529,-29.31964448,-0.729574813,38.85890713,400.7585017,-9.28517E-05
j,27/10/2014,empty,empty,empty,empty,13,09:54:28,405.5,0,-0.10633038,-0.000172238,-583.9704755,-0.003572494,2.03043952,26.16516685,6,1.420000017,1,2.840000033,23.73459435,26.16516685,22.12325478,400.475708,400.6912842,13.73660755,13.72955894,46.73853302,46.71455002,299.9269714,0.261687875,0.311161041,100.2900543,3.564785004,0.317900956,1,-0.219565243,2.737391472,1,0,0.159999996,111115,0.499878286,-3.57249E-06,299.3151669,296.8845943,0.041870059,-0.325826026,3.407377733,33.9752307,20.24567176,24.9498806,3.170188876,-0.000172248,1.376938212,1.793250664,-0.000107654,-58.56643071,-1.457407482,38.95070918,400.7418285,-0.000103349
j,27/10/2014,empty,empty,empty,empty,14,09:54:38,415.5,0,-0.033480443,-0.000108855,-96.33324708,-0.002254303,2.027349606,26.14700127,6,1.420000017,1,2.840000033,23.71655846,26.14700127,22.10603333,400.7362976,400.8050842,13.72839069,13.72394276,46.76120377,46.74605179,299.9186096,0.258822799,0.039371811,100.2898178,3.564785004,0.317900956,1,-0.219565243,2.737391472,1,0,0.159999996,111115,0.499864349,-2.2543E-06,299.2970013,296.8665585,0.041411647,-0.326449887,3.403721324,33.9388524,20.21490965,24.93177986,3.166768093,-0.000108859,1.376371719,1.790396374,-6.80367E-05,-9.661243798,-0.240349364,38.98080652,400.8209992,-3.25605E-05
j,27/10/2014,empty,empty,empty,empty,15,09:54:48,426,0,-0.143757848,-0.000125339,-1417.387468,-0.002588238,2.021602172,26.11410904,6,1.420000017,1,2.840000033,23.69442177,26.11410904,22.0877018,400.5796509,400.8693237,13.72043419,13.71532726,46.79640961,46.77899551,299.9150085,0.242330953,0.292111307,100.2897873,3.564785004,0.317900956,1,-0.219565243,2.737391472,1,0,0.159999996,111115,0.499858348,-2.58824E-06,299.264109,296.8444218,0.038772952,-0.324779016,3.397109426,33.8729348,20.15760753,24.9042654,3.161574428,-0.000125345,1.375507254,1.786067174,-7.83401E-05,-142.1494877,-3.535784318,39.03733947,400.9376593,-0.00013997
j,27/10/2014,empty,empty,empty,empty,16,09:54:59,436.5,0,-0.070155618,-0.000119419,-536.895996,-0.002461467,2.017928237,26.0916481,6,1.420000017,1,2.840000033,23.67721748,26.0916481,22.06573677,400.6392212,400.7815247,13.71201324,13.70715714,46.81564713,46.79906845,299.9595032,0.287489682,0.255271494,100.2886734,3.564785004,0.317900956,1,-0.219565243,2.737391472,1,0,0.159999996,111115,0.499932505,-2.46147E-06,299.2416481,296.8272175,0.045998348,-0.323995077,3.392600842,33.82835496,20.12119782,24.88443279,3.157835416,-0.000119424,1.374672605,1.783162811,-7.46398E-05,-53.84458719,-1.33962262,39.06903363,400.8148733,-6.83835E-05
j,27/10/2014,empty,empty,empty,empty,17,09:55:09,446.5,0,-0.13092205,-3.38995E-05,-5691.168376,-0.000698961,2.01863309,26.09257698,6,1.420000017,1,2.840000033,23.65913582,26.09257698,22.04866028,400.54422,400.8066711,13.70344734,13.70206833,46.83709335,46.8323822,299.9465332,0.253084451,0.11303401,100.2880783,3.564785004,0.317900956,1,-0.219565243,2.737391472,1,0,0.159999996,111115,0.499910889,-6.98961E-07,299.242577,296.8091358,0.040493511,-0.327516418,3.392787192,33.83041384,20.12834551,24.8758564,3.156219719,-3.38999E-05,1.374154102,1.782065617,-2.11874E-05,-570.7563398,-14.19928556,39.05302846,400.8689052,-0.000127546
j,27/10/2014,empty,empty,empty,empty,18,09:55:19,457,0,-0.205143632,-5.20764E-05,-5813.064142,-0.00106912,2.010044647,26.04542351,6,1.420000017,1,2.840000033,23.63904762,26.04542351,22.02933311,400.3886108,400.7998657,13.69553566,13.69342613,46.86695099,46.85972977,299.9193115,0.253076047,0.184150398,100.288559,3.564785004,0.317900956,1,-0.219565243,2.737391472,1,0,0.159999996,111115,0.499865519,-1.06912E-06,299.1954235,296.7890476,0.040492167,-0.323582129,3.383338621,33.73603785,20.04261172,24.84223557,3.149892893,-5.20774E-05,1.373293974,1.776598919,-3.25483E-05,-582.983826,-14.50365791,39.14567277,400.8973812,-0.000200313
j,27/10/2014,empty,empty,empty,empty,19,09:55:30,467.5,0,-0.067077243,-7.94834E-05,-940.6380463,-0.00163317,2.011728172,26.04948425,6,1.420000017,1,2.840000033,23.61767578,26.04948425,22.00952339,400.5826721,400.7181702,13.68801308,13.68479061,46.90138626,46.89034653,299.9232178,0.268128097,0.099058948,100.2882156,3.564785004,0.317900956,1,-0.219565243,2.737391472,1,0,0.159999996,111115,0.49987203,-1.63317E-06,299.1994843,296.7676758,0.042900495,-0.326659923,3.384151404,33.74425781,20.0594672,24.83358002,3.148265873,-7.94857E-05,1.372423232,1.775842641,-4.96783E-05,-94.33491123,-2.347380569,39.10875701,400.7500555,-6.54599E-05
j,27/10/2014,empty,empty,empty,empty,20,09:55:40,478,0,-0.158227899,-1.83412E-05,-13191.56119,-0.000377412,2.014674048,26.06114197,6,1.420000017,1,2.840000033,23.59987259,26.06114197,21.99115944,400.5271301,400.8440247,13.67953205,13.67878723,46.92230606,46.9197464,299.8710938,0.212213382,0.187962458,100.2875214,3.564785004,0.317900956,1,-0.219565243,2.737391472,1,0,0.159999996,111115,0.499785156,-3.77412E-07,299.211142,296.7498726,0.03395414,-0.331379369,3.386485715,33.76776761,20.08898037,24.83050728,3.147688454,-1.83413E-05,1.371811667,1.775876787,-1.14633E-05,-1322.948975,-32.90946199,39.06239036,400.9192386,-0.000154165
j,27/10/2014,empty,empty,empty,empty,21,09:55:50,488,0,-0.142590259,-3.5821E-05,-5878.472698,-0.000733232,2.0042436,26.00296593,6,1.420000017,1,2.840000033,23.58124542,26.00296593,21.97213173,400.4847412,400.7705688,13.66810513,13.6666584,46.93616867,46.93119812,299.9376526,0.292504579,0.106679305,100.2883835,3.564785004,0.317900956,1,-0.219565243,2.737391472,1,0,0.159999996,111115,0.499896088,-7.33232E-07,299.1529659,296.7312454,0.046800732,-0.325606864,3.374850679,33.65146153,19.98480313,24.79210567,3.14047995,-3.58215E-05,1.370607079,1.769872871,-2.23884E-05,-589.5425243,-14.66792513,39.17250655,400.8383494,-0.000139348
j,27/10/2014,empty,empty,empty,empty,22,09:56:01,498.5,0,-0.085209732,-6.89609E-05,-1557.37666,-0.001408316,1.999648906,25.97588921,6,1.420000017,1,2.840000033,23.56199265,25.97588921,21.95492744,400.5124512,400.6840515,13.66133881,13.6585598,46.96751404,46.95795822,299.9085693,0.358472109,0.137163147,100.2886429,3.564785004,0.317900956,1,-0.219565243,2.737391472,1,0,0.159999996,111115,0.499847616,-1.40832E-06,299.1258892,296.7119926,0.057355536,-0.324010857,3.369447332,33.59749654,19.93893674,24.76894093,3.136138591,-6.89625E-05,1.369798426,1.766340165,-4.31014E-05,-156.1871917,-3.886794731,39.215854,400.7245561,-8.33883E-05
k,23/10/2014,empty,empty,empty,empty,1,10:14:42,609.5,0,-0.410186412,0.002074425,720.3688801,0.039169583,1.87390181,24.44203377,6,1.420000017,1,2.840000033,22.55337906,24.44203377,20.97492027,420.2619324,421.0476685,11.78288841,11.86013603,43.49599838,43.78115845,300.6308289,0.23335354,141.7559052,101.3080521,-3.037246227,0.09027674,1,-0.219565243,2.737391472,1,0,0.159999996,111115,0.501051381,3.91696E-05,297.5920338,295.7033791,0.037336566,-0.271931182,3.075429088,30.35720287,18.49706683,23.49770641,2.905791039,0.002072911,1.201527279,1.70426376,0.001295705,72.97916801,1.710896257,37.80012324,421.2426514,-0.00036808
k,23/10/2014,empty,empty,empty,empty,2,10:14:52,620,0,-0.294726641,0.001830138,662.3051355,0.034573074,1.87461882,24.44209099,6,1.420000017,1,2.840000033,22.55340004,24.44209099,20.97252464,420.3176575,420.8768311,11.78500366,11.85318661,43.50366211,43.75535583,300.6318359,0.078020088,142.6221008,101.3078461,-3.037246227,0.09027674,0.666666687,-0.219565243,2.737391472,1,0,0.159999996,111115,0.50105306,3.45731E-05,297.592091,295.7034,0.012483214,-0.269827459,3.075439624,30.35736859,18.50418198,23.49774551,2.90579789,0.00182896,1.200820804,1.704977085,0.001143206,67.09670672,1.573631729,37.77140373,421.01693,-0.000264413
k,23/10/2014,empty,empty,empty,empty,3,10:15:02,630,0,-0.144431978,0.001828118,532.8696856,0.034507887,1.873155391,24.4306488,6,1.420000017,1,2.840000033,22.55260277,24.4306488,20.97141838,420.5406799,420.7999573,11.77891541,11.84697056,43.48282242,43.73405457,300.6303406,0.14327307,141.3657379,101.3067474,-3.037246227,0.09027674,1,-0.219565243,2.737391472,1,0,0.159999996,111115,0.501050568,3.45079E-05,297.5806488,295.7026028,0.022923691,-0.268238493,3.073333445,30.33690768,18.48993713,23.49162579,2.904725796,0.001826942,1.200178054,1.704547742,0.001141945,53.98329466,1.266325427,37.77817391,420.8686133,-0.000129646
k,23/10/2014,empty,empty,empty,empty,4,10:15:13,640.5,0,0.013647365,0.002023802,397.5135037,0.038326058,1.879327951,24.46319389,6,1.420000017,1,2.840000033,22.55257607,24.46319389,20.97055817,420.7727966,420.7133789,11.76963806,11.84522247,43.44858551,43.72761536,300.6340332,0.210653946,141.4707947,101.3066177,-3.037246227,0.09027674,1,-0.219565243,2.737391472,1,0,0.159999996,111115,0.501056722,3.83261E-05,297.6131939,295.7025761,0.033704631,-0.274480878,3.079327376,30.39611276,18.55089029,23.50788498,2.907574949,0.00202236,1.199999425,1.707575523,0.001264105,40.27074856,0.944855865,37.69711176,420.7068916,1.22286E-05
k,23/10/2014,empty,empty,empty,empty,5,10:15:23,651,0,-0.043010721,0.002028865,441.719139,0.038400616,1.87830712,24.45513344,6,1.420000017,1,2.840000033,22.55218315,24.45513344,20.96682549,420.7944946,420.8480835,11.76489735,11.84063244,43.43213654,43.71172714,300.6209717,0.167386025,141.6211548,101.3066483,-3.037246227,0.09027674,1,-0.219565243,2.737391472,1,0,0.159999996,111115,0.501034953,3.84006E-05,297.6051334,295.7021832,0.026781763,-0.273571347,3.077841906,30.38144049,18.54080806,23.50365829,2.906834058,0.002027416,1.199534786,1.707299272,0.001267265,44.74908544,1.049592849,37.70162482,420.8685287,-3.85292E-05
k,23/10/2014,empty,empty,empty,empty,6,10:15:33,661,0,-0.056964611,0.00189632,455.7752719,0.035844029,1.875737529,24.43669891,6,1.420000017,1,2.840000033,22.55335617,24.43669891,20.9693718,420.8659058,420.9494934,11.76187897,11.83257961,43.41755295,43.67853928,300.5904846,0.226257607,141.1707001,101.3058395,-3.037246227,0.09027674,1,-0.219565243,2.737391472,1,0,0.159999996,111115,0.500984141,3.5844E-05,297.5866989,295.7033562,0.036201216,-0.269492531,3.07444694,30.34817099,18.51559137,23.49502754,2.905321695,0.001895055,1.198709412,1.706612284,0.001184523,46.17269656,1.082731489,37.71656202,420.9765717,-5.10363E-05
k,23/10/2014,empty,empty,empty,empty,7,10:15:44,671.5,0,-0.082342123,0.00202232,472.7175538,0.038218513,1.875461494,24.43295288,6,1.420000017,1,2.840000033,22.55874443,24.43295288,20.97250938,420.9197998,421.0520325,11.75323391,11.82861423,43.37102127,43.64918518,300.6071472,0.229094237,140.5848541,101.3048477,-3.037246227,0.09027674,1,-0.219565243,2.737391472,1,0,0.159999996,111115,0.501011912,3.82185E-05,297.5829529,295.7087444,0.036655077,-0.269513851,3.073757458,30.3416621,18.51304786,23.49584866,2.905465549,0.002020881,1.198295964,1.707169585,0.00126318,47.88857981,1.122705788,37.71485353,421.091174,-7.37494E-05
k,23/10/2014,empty,empty,empty,empty,8,10:15:54,682,0,-0.080072355,0.002008281,471.4427118,0.038041217,1.879767458,24.4531765,6,1.420000017,1,2.840000033,22.55883217,24.4531765,20.96928406,421.0167236,421.1445618,11.74787045,11.82289791,43.35089111,43.62775421,300.621582,0.127667069,140.9408722,101.3045959,-3.037246227,0.09027674,1,-0.219565243,2.737391472,1,0,0.159999996,111115,0.50103597,3.80412E-05,297.6031765,295.7088322,0.020426731,-0.272317632,3.077481353,30.37849689,18.55559898,23.50600433,2.907245272,0.002006862,1.197713896,1.709531376,0.001254416,47.75931343,1.11943203,37.64609189,421.1826243,-7.15702E-05
k,23/10/2014,empty,empty,empty,empty,9,10:16:04,692,0,-0.157907596,0.001997594,533.3519608,0.03787814,1.881710637,24.46152496,6,1.420000017,1,2.840000033,22.55918694,24.46152496,20.96968079,421.0043945,421.2876892,11.74416447,11.81886578,43.33641434,43.61206818,300.6410217,0.126959592,140.8731842,101.3049088,-3.037246227,0.09027674,1,-0.219565243,2.737391472,1,0,0.159999996,111115,0.50106837,3.78781E-05,297.611525,295.7091869,0.020313534,-0.273308011,3.079019756,30.39358895,18.57472318,23.51035595,2.908008159,0.00199619,1.197309119,1.71069904,0.001247745,54.03117173,1.266004145,37.61223425,421.3627509,-0.000140954
k,23/10/2014,empty,empty,empty,empty,10,10:16:15,702.5,0,-0.097940698,0.002001405,485.8701682,0.038004038,1.884371169,24.47257805,6,1.420000017,1,2.840000033,22.56118011,24.47257805,20.97126961,421.1511536,421.3146667,11.73769474,11.81264687,43.30756378,43.58410645,300.632782,0.101425752,140.9958801,101.3055267,-3.037246227,0.09027674,1,-0.219565243,2.737391472,1,0,0.159999996,111115,0.501054637,3.8004E-05,297.622578,295.7111801,0.01622812,-0.274643455,3.081057582,30.4135192,18.60087233,23.51687908,2.909152065,0.001999995,1.196686413,1.712465652,0.001250124,49.22133331,1.153223959,37.56499315,421.3612231,-8.73156E-05
k,23/10/2014,empty,empty,empty,empty,11,10:16:25,713,0,-0.120760751,0.001953838,506.2321726,0.037019193,1.880225387,24.44632912,6,1.420000017,1,2.840000033,22.55996323,24.44632912,20.96809387,421.1410828,421.3509521,11.73294544,11.80595112,43.29275513,43.56212997,300.6517944,0.15036419,140.9793396,101.30439,-3.037246227,0.09027674,1,-0.219565243,2.737391472,1,0,0.159999996,111115,0.501086324,3.70192E-05,297.5963291,295.7099632,0.02405827,-0.270671264,3.076220063,30.36610816,18.56015705,23.50314617,2.906744299,0.001952495,1.195994676,1.710749623,0.00122043,51.28354142,1.201450169,37.60506937,421.408356,-0.000107763
l,30/10/2014,empty,empty,empty,empty,1,09:43:48,1365.5,0,-0.149079779,-0.00638179,379.0545813,-0.04470884,0.691098774,22.66198921,6,1.420000017,1,2.840000033,21.36838531,22.66198921,19.94957352,420.4970703,420.8333435,20.53892326,20.45120811,81.48586273,81.13786316,299.5684814,0.108321607,71.33085632,101.2873917,1.033778906,-0.054299511,1,-0.219565243,2.737391472,1,0,0.159999996,111115,0.499280802,-4.47088E-05,295.8119892,294.5183853,0.017331457,-0.146726775,2.7625483,27.27435523,6.823147112,22.01518726,2.65596559,-0.006396163,2.071449526,0.584516064,-0.003996308,38.39344984,0.900723736,74.31400605,420.9042089,-0.000263212
l,30/10/2014,empty,empty,empty,empty,2,09:43:58,1375.5,0,-0.146996613,-0.006537972,380.516198,-0.045849412,0.691755562,22.66835594,6,1.420000017,1,2.840000033,21.37245369,22.66835594,19.95101929,420.5731506,420.9062195,20.54522133,20.45526886,81.49051666,81.13372803,299.5685425,0.089292333,69.53630829,101.2873611,1.033778906,-0.054299511,1,-0.219565243,2.737391472,1,0,0.159999996,111115,0.499280904,-4.58494E-05,295.8183559,294.5224537,0.014286773,-0.146475661,2.763615766,27.28490243,6.829633572,22.02040482,2.656810748,-0.006553058,2.071860204,0.584950544,-0.004094303,38.54148157,0.904040331,74.29791717,420.9760946,-0.000259434
l,30/10/2014,empty,empty,empty,empty,3,09:44:09,1386,0,-0.158225279,-0.006487044,377.5714456,-0.045533689,0.692387726,22.67616844,6,1.420000017,1,2.840000033,21.37117958,22.67616844,19.94648361,420.6407776,420.9961243,20.55140114,20.46205711,81.52102661,81.16662598,299.5296631,0.15955092,74.16958618,101.2869034,1.033778906,-0.054299511,1,-0.219565243,2.737391472,1,0,0.159999996,111115,0.499216105,-4.55337E-05,295.8261684,294.5211796,0.025528147,-0.147708449,2.764926128,27.29796287,6.835905761,22.02367401,2.657340424,-0.006501895,2.072538402,0.584802022,-0.004062348,38.24304254,0.896852545,74.28682186,421.071337,-0.000279146
l,30/10/2014,empty,empty,empty,empty,4,09:44:19,1396.5,0,-0.14400805,-0.006509584,381.2851755,-0.045542023,0.690110441,22.66801262,6,1.420000017,1,2.840000033,21.37186241,22.66801262,19.94886971,420.7668762,421.093689,20.56044006,20.47109985,81.5532074,81.19883728,299.5945129,0.105395496,76.41901398,101.2865829,1.033778906,-0.054299511,1,-0.219565243,2.737391472,1,0,0.159999996,111115,0.499324188,-4.5542E-05,295.8180126,294.5218624,0.016863279,-0.14663806,2.763558195,27.28454366,6.813443806,22.01993752,2.656735044,-0.006524539,2.073447753,0.58328729,-0.004076491,38.61907256,0.905463999,74.35856092,421.1621435,-0.000254254
l,30/10/2014,empty,empty,empty,empty,5,09:44:29,1406.5,0,-0.124958247,-0.006354209,385.2729575,-0.044602235,0.692420343,22.68613243,6,1.420000017,1,2.840000033,21.37746048,22.68613243,19.95523643,420.9094849,421.1973877,20.56582642,20.47832298,81.54653168,81.19956207,299.5689697,0.092951007,71.0727005,101.2865067,1.033778906,-0.054299511,1,-0.219565243,2.737391472,1,0,0.159999996,111115,0.499281616,-4.46022E-05,295.8361324,294.5274605,0.014872161,-0.148820595,2.76659814,27.31457754,6.836254561,22.03179646,2.658656825,-0.006368458,2.074177797,0.584479028,-0.003979004,39.02295197,0.914708801,74.30192312,421.2567869,-0.000220403
l,30/10/2014,empty,empty,empty,empty,6,09:44:40,1417,0,-0.208238534,-0.006116788,362.5945179,-0.042985311,0.693271172,22.69669724,6,1.420000017,1,2.840000033,21.38137436,22.69669724,19.949049,420.9099731,421.3633423,20.57170868,20.48737526,81.55053711,81.21622467,299.5585022,0.028543888,72.95591736,101.2868042,1.033778906,-0.054299511,1,-0.219565243,2.737391472,1,0,0.159999996,111115,0.49926417,-4.29853E-05,295.8466972,294.5313744,0.004567022,-0.150677134,2.768371938,27.33200993,6.844634673,22.0390358,2.659830583,-0.00612999,2.075100766,0.584729816,-0.003830056,36.72603994,0.860526965,74.28863733,421.4623289,-0.00036705
l,30/10/2014,empty,empty,empty,empty,7,09:44:50,1427.5,0,-0.189828369,-0.00632919,369.0720743,-0.044395644,0.691929794,22.69348145,6,1.420000017,1,2.840000033,21.3881073,22.69348145,19.94739914,420.9781189,421.395813,20.58255005,20.49544907,81.55921173,81.21406555,299.5539246,0.071727246,69.40998077,101.2860031,1.033778906,-0.054299511,1,-0.219565243,2.737391472,1,0,0.159999996,111115,0.499256541,-4.43956E-05,295.8434814,294.5381073,0.011476359,-0.148549102,2.767831912,27.32689441,6.831445339,22.04079437,2.66011578,-0.006343327,2.075902118,0.584213662,-0.003963307,37.38183527,0.875832324,74.33141547,421.4860483,-0.000334773
l,30/10/2014,empty,empty,empty,empty,8,09:45:00,1437.5,0,-0.229461805,-0.006383529,359.7110508,-0.044910457,0.693979887,22.70802116,6,1.420000017,1,2.840000033,21.39246178,22.70802116,19.94584846,421.0047607,421.5022583,20.58719826,20.4990921,81.55678558,81.20774841,299.5693054,0.024884716,70.87145233,101.2871399,1.033778906,-0.054299511,1,-0.219565243,2.737391472,1,0,0.159999996,111115,0.499282176,-4.49105E-05,295.8580212,294.5424618,0.003981554,-0.149723757,2.770274296,27.35070118,6.851609073,22.05024147,2.66164832,-0.00639791,2.076294409,0.585353911,-0.003997399,36.43410352,0.853402428,74.27720553,421.6113335,-0.000404253
l,30/10/2014,empty,empty,empty,empty,9,09:45:11,1448,0,-0.163507803,-0.006592731,377.4611471,-0.046249835,0.691941871,22.69891739,6,1.420000017,1,2.840000033,21.39009094,22.69891739,19.94305801,421.1729431,421.5394897,20.59511185,20.50437546,81.59894562,81.23944092,299.5590515,0.12808226,68.62065125,101.2858429,1.033778906,-0.054299511,1,-0.219565243,2.737391472,1,0,0.159999996,111115,0.499265086,-4.62498E-05,295.8489174,294.5400909,0.020493161,-0.147930367,2.768744822,27.33595084,6.831575379,22.04450417,2.660717503,-0.00660807,2.076802951,0.583914551,-0.004128663,38.23147044,0.895434844,74.33680791,421.6172135,-0.000288286
l,30/10/2014,empty,empty,empty,empty,10,09:45:21,1458.5,0,-0.20842763,-0.006668815,367.3193808,-0.046670481,0.690261585,22.69239807,6,1.420000017,1,2.840000033,21.38658142,22.69239807,19.94192314,421.1766663,421.6335449,20.60144424,20.50988388,81.64266205,81.27981567,299.561554,0.130277917,68.78944397,101.2871857,1.033778906,-0.054299511,1,-0.219565243,2.737391472,1,0,0.159999996,111115,0.499269257,-4.66705E-05,295.8423981,294.5365814,0.020844466,-0.147301776,2.767650002,27.32477937,6.814895494,22.03948975,2.659904199,-0.006684512,2.077388417,0.582515783,-0.004176407,37.20474632,0.871181587,74.38838686,421.7326214,-0.00036764
l,30/10/2014,empty,empty,empty,empty,11,09:45:31,1468.5,0,-0.211940472,-0.006863601,367.9180843,-0.048061022,0.69060098,22.69599533,6,1.420000017,1,2.840000033,21.38739586,22.69599533,19.94208717,421.1708069,421.6358948,20.6068821,20.51259422,81.65974426,81.28610992,299.5623779,0.079777077,69.48129272,101.286705,1.033778906,-0.054299511,1,-0.219565243,2.737391472,1,0,0.159999996,111115,0.49927063,-4.8061E-05,295.8459953,294.5373959,0.012764332,-0.147038757,2.76825406,27.33087289,6.818278664,22.04169559,2.660261946,-0.006880229,2.07765308,0.582608865,-0.004298646,37.26521048,0.872596686,74.37950843,421.7366411,-0.000373788
